"Year","NumberOfFatalities","NumberOfFatalCrashes","Month"
1989,8,6,"January"
1989,10,8,"January"
1989,2,2,"January"
1989,5,5,"January"
1989,7,3,"January"
1989,8,7,"January"
1989,8,7,"January"
1989,6,5,"January"
1989,8,8,"January"
1989,7,7,"January"
1989,8,3,"January"
1989,7,6,"January"
1989,13,9,"January"
1989,4,4,"January"
1989,8,7,"January"
1989,3,3,"January"
1989,2,2,"January"
1989,8,6,"January"
1989,3,3,"January"
1989,5,5,"January"
1989,15,11,"January"
1989,12,9,"January"
1989,2,2,"January"
1989,5,5,"January"
1989,7,7,"January"
1989,8,8,"January"
1989,16,12,"January"
1989,13,13,"January"
1989,9,8,"January"
1989,5,5,"January"
1989,6,6,"January"
1989,6,5,"February"
1989,2,2,"February"
1989,1,1,"February"
1989,7,6,"February"
1989,9,7,"February"
1989,14,10,"February"
1989,9,8,"February"
1989,7,7,"February"
1989,8,8,"February"
1989,9,5,"February"
1989,3,3,"February"
1989,11,10,"February"
1989,8,8,"February"
1989,8,7,"February"
1989,9,8,"February"
1989,10,10,"February"
1989,7,7,"February"
1989,6,6,"February"
1989,11,10,"February"
1989,5,5,"February"
1989,3,3,"February"
1989,9,9,"February"
1989,12,11,"February"
1989,10,9,"February"
1989,13,11,"February"
1989,7,7,"February"
1989,3,3,"February"
1989,4,4,"February"
1989,11,10,"March"
1989,7,7,"March"
1989,10,8,"March"
1989,16,15,"March"
1989,8,8,"March"
1989,4,4,"March"
1989,10,8,"March"
1989,3,3,"March"
1989,3,3,"March"
1989,10,10,"March"
1989,13,12,"March"
1989,6,6,"March"
1989,14,8,"March"
1989,11,9,"March"
1989,5,4,"March"
1989,0,0,"March"
1989,13,13,"March"
1989,9,8,"March"
1989,7,7,"March"
1989,2,2,"March"
1989,14,9,"March"
1989,8,7,"March"
1989,10,9,"March"
1989,4,4,"March"
1989,10,9,"March"
1989,9,8,"March"
1989,9,8,"March"
1989,7,6,"March"
1989,10,7,"March"
1989,7,7,"March"
1989,6,6,"March"
1989,6,6,"April"
1989,9,6,"April"
1989,4,3,"April"
1989,1,1,"April"
1989,4,4,"April"
1989,7,4,"April"
1989,11,9,"April"
1989,8,8,"April"
1989,10,10,"April"
1989,6,6,"April"
1989,3,3,"April"
1989,6,5,"April"
1989,4,3,"April"
1989,5,5,"April"
1989,8,7,"April"
1989,5,5,"April"
1989,4,4,"April"
1989,6,5,"April"
1989,4,4,"April"
1989,7,5,"April"
1989,5,5,"April"
1989,12,10,"April"
1989,6,5,"April"
1989,6,6,"April"
1989,10,8,"April"
1989,4,4,"April"
1989,9,9,"April"
1989,9,7,"April"
1989,2,2,"April"
1989,7,7,"April"
1989,5,3,"May"
1989,2,2,"May"
1989,2,2,"May"
1989,2,2,"May"
1989,5,5,"May"
1989,5,4,"May"
1989,9,9,"May"
1989,3,3,"May"
1989,3,3,"May"
1989,6,4,"May"
1989,9,9,"May"
1989,8,8,"May"
1989,12,11,"May"
1989,13,9,"May"
1989,5,5,"May"
1989,6,6,"May"
1989,4,3,"May"
1989,10,7,"May"
1989,6,6,"May"
1989,8,8,"May"
1989,11,9,"May"
1989,5,5,"May"
1989,4,4,"May"
1989,11,8,"May"
1989,7,7,"May"
1989,12,11,"May"
1989,9,9,"May"
1989,10,8,"May"
1989,12,11,"May"
1989,4,4,"May"
1989,5,5,"May"
1989,3,3,"June"
1989,8,8,"June"
1989,11,9,"June"
1989,4,4,"June"
1989,9,8,"June"
1989,5,5,"June"
1989,6,6,"June"
1989,7,7,"June"
1989,10,7,"June"
1989,11,11,"June"
1989,15,12,"June"
1989,5,3,"June"
1989,6,6,"June"
1989,11,11,"June"
1989,11,11,"June"
1989,9,7,"June"
1989,13,10,"June"
1989,14,7,"June"
1989,5,5,"June"
1989,7,5,"June"
1989,6,6,"June"
1989,11,10,"June"
1989,12,11,"June"
1989,19,13,"June"
1989,8,7,"June"
1989,9,6,"June"
1989,7,5,"June"
1989,2,2,"June"
1989,8,8,"June"
1989,5,5,"June"
1989,8,8,"July"
1989,8,5,"July"
1989,2,2,"July"
1989,9,9,"July"
1989,3,3,"July"
1989,7,7,"July"
1989,11,10,"July"
1989,11,9,"July"
1989,6,5,"July"
1989,5,5,"July"
1989,4,4,"July"
1989,6,5,"July"
1989,3,3,"July"
1989,14,12,"July"
1989,5,3,"July"
1989,6,4,"July"
1989,5,5,"July"
1989,5,5,"July"
1989,9,8,"July"
1989,7,6,"July"
1989,12,12,"July"
1989,10,7,"July"
1989,11,9,"July"
1989,6,6,"July"
1989,9,8,"July"
1989,7,7,"July"
1989,4,4,"July"
1989,11,11,"July"
1989,4,4,"July"
1989,2,2,"July"
1989,4,3,"July"
1989,8,8,"August"
1989,2,2,"August"
1989,6,6,"August"
1989,7,7,"August"
1989,8,6,"August"
1989,5,5,"August"
1989,4,4,"August"
1989,9,8,"August"
1989,10,9,"August"
1989,3,3,"August"
1989,17,12,"August"
1989,10,10,"August"
1989,6,6,"August"
1989,4,4,"August"
1989,6,5,"August"
1989,6,6,"August"
1989,5,5,"August"
1989,10,8,"August"
1989,10,8,"August"
1989,15,11,"August"
1989,6,5,"August"
1989,2,2,"August"
1989,1,1,"August"
1989,7,5,"August"
1989,9,5,"August"
1989,12,11,"August"
1989,2,2,"August"
1989,2,2,"August"
1989,6,5,"August"
1989,3,3,"August"
1989,10,7,"August"
1989,8,7,"September"
1989,9,8,"September"
1989,10,10,"September"
1989,9,8,"September"
1989,2,2,"September"
1989,5,5,"September"
1989,13,10,"September"
1989,14,12,"September"
1989,10,10,"September"
1989,2,2,"September"
1989,9,7,"September"
1989,9,7,"September"
1989,4,3,"September"
1989,8,8,"September"
1989,12,11,"September"
1989,10,10,"September"
1989,22,15,"September"
1989,6,5,"September"
1989,5,5,"September"
1989,12,12,"September"
1989,12,10,"September"
1989,15,14,"September"
1989,9,8,"September"
1989,11,8,"September"
1989,8,7,"September"
1989,4,3,"September"
1989,5,4,"September"
1989,4,4,"September"
1989,14,13,"September"
1989,8,8,"September"
1989,9,7,"October"
1989,8,7,"October"
1989,2,2,"October"
1989,6,4,"October"
1989,4,4,"October"
1989,7,7,"October"
1989,6,6,"October"
1989,3,3,"October"
1989,3,2,"October"
1989,4,4,"October"
1989,15,10,"October"
1989,5,5,"October"
1989,9,8,"October"
1989,12,11,"October"
1989,8,7,"October"
1989,8,7,"October"
1989,8,6,"October"
1989,2,2,"October"
1989,11,10,"October"
1989,29,10,"October"
1989,11,10,"October"
1989,11,10,"October"
1989,7,6,"October"
1989,3,3,"October"
1989,16,11,"October"
1989,7,7,"October"
1989,3,3,"October"
1989,7,7,"October"
1989,11,9,"October"
1989,5,4,"October"
1989,1,1,"October"
1989,4,4,"November"
1989,3,3,"November"
1989,4,4,"November"
1989,10,10,"November"
1989,4,4,"November"
1989,10,8,"November"
1989,12,11,"November"
1989,4,4,"November"
1989,3,3,"November"
1989,5,5,"November"
1989,8,8,"November"
1989,9,8,"November"
1989,7,7,"November"
1989,7,6,"November"
1989,6,6,"November"
1989,3,3,"November"
1989,5,5,"November"
1989,10,6,"November"
1989,9,9,"November"
1989,6,5,"November"
1989,3,3,"November"
1989,6,6,"November"
1989,10,8,"November"
1989,10,10,"November"
1989,12,11,"November"
1989,11,7,"November"
1989,6,6,"November"
1989,7,6,"November"
1989,4,4,"November"
1989,7,7,"November"
1989,7,6,"December"
1989,11,10,"December"
1989,12,11,"December"
1989,10,9,"December"
1989,5,5,"December"
1989,5,5,"December"
1989,8,7,"December"
1989,9,8,"December"
1989,14,11,"December"
1989,8,8,"December"
1989,17,11,"December"
1989,4,4,"December"
1989,8,6,"December"
1989,12,11,"December"
1989,8,7,"December"
1989,19,19,"December"
1989,8,8,"December"
1989,7,6,"December"
1989,8,6,"December"
1989,11,10,"December"
1989,11,8,"December"
1989,48,14,"December"
1989,7,6,"December"
1989,4,4,"December"
1989,1,1,"December"
1989,16,11,"December"
1989,9,6,"December"
1989,8,8,"December"
1989,4,4,"December"
1989,6,6,"December"
1989,2,2,"December"
1990,10,8,"January"
1990,2,2,"January"
1990,7,6,"January"
1990,4,3,"January"
1990,4,4,"January"
1990,10,8,"January"
1990,5,4,"January"
1990,10,8,"January"
1990,2,2,"January"
1990,4,4,"January"
1990,4,4,"January"
1990,10,7,"January"
1990,7,7,"January"
1990,12,8,"January"
1990,3,3,"January"
1990,4,4,"January"
1990,3,3,"January"
1990,5,5,"January"
1990,10,9,"January"
1990,0,0,"January"
1990,2,2,"January"
1990,10,8,"January"
1990,8,8,"January"
1990,2,2,"January"
1990,7,7,"January"
1990,4,4,"January"
1990,4,4,"January"
1990,6,5,"January"
1990,7,6,"January"
1990,2,2,"January"
1990,6,6,"January"
1990,13,11,"February"
1990,8,6,"February"
1990,5,5,"February"
1990,6,6,"February"
1990,1,1,"February"
1990,5,5,"February"
1990,10,9,"February"
1990,4,4,"February"
1990,4,4,"February"
1990,4,4,"February"
1990,4,4,"February"
1990,5,4,"February"
1990,6,6,"February"
1990,6,3,"February"
1990,4,4,"February"
1990,8,6,"February"
1990,7,5,"February"
1990,7,7,"February"
1990,9,7,"February"
1990,6,5,"February"
1990,4,4,"February"
1990,3,3,"February"
1990,1,1,"February"
1990,10,10,"February"
1990,11,10,"February"
1990,5,5,"February"
1990,5,5,"February"
1990,5,4,"February"
1990,9,9,"March"
1990,5,4,"March"
1990,10,9,"March"
1990,6,5,"March"
1990,8,6,"March"
1990,4,4,"March"
1990,5,5,"March"
1990,9,9,"March"
1990,6,5,"March"
1990,10,9,"March"
1990,11,10,"March"
1990,11,7,"March"
1990,6,6,"March"
1990,5,4,"March"
1990,6,6,"March"
1990,4,4,"March"
1990,7,6,"March"
1990,8,7,"March"
1990,10,9,"March"
1990,5,5,"March"
1990,3,3,"March"
1990,4,4,"March"
1990,11,8,"March"
1990,7,7,"March"
1990,9,9,"March"
1990,8,7,"March"
1990,4,3,"March"
1990,7,7,"March"
1990,9,9,"March"
1990,6,5,"March"
1990,8,7,"March"
1990,8,7,"April"
1990,3,3,"April"
1990,7,7,"April"
1990,8,8,"April"
1990,7,4,"April"
1990,8,7,"April"
1990,13,12,"April"
1990,1,1,"April"
1990,5,5,"April"
1990,3,3,"April"
1990,5,5,"April"
1990,9,7,"April"
1990,7,5,"April"
1990,7,7,"April"
1990,11,9,"April"
1990,8,6,"April"
1990,3,3,"April"
1990,3,3,"April"
1990,7,6,"April"
1990,3,3,"April"
1990,4,4,"April"
1990,7,6,"April"
1990,3,3,"April"
1990,3,3,"April"
1990,5,5,"April"
1990,5,5,"April"
1990,3,3,"April"
1990,8,7,"April"
1990,7,7,"April"
1990,4,4,"April"
1990,3,3,"May"
1990,9,8,"May"
1990,4,4,"May"
1990,6,5,"May"
1990,8,8,"May"
1990,7,7,"May"
1990,2,2,"May"
1990,10,8,"May"
1990,3,3,"May"
1990,4,4,"May"
1990,5,4,"May"
1990,11,10,"May"
1990,5,4,"May"
1990,4,3,"May"
1990,3,3,"May"
1990,4,3,"May"
1990,10,10,"May"
1990,6,5,"May"
1990,9,8,"May"
1990,5,5,"May"
1990,7,7,"May"
1990,4,4,"May"
1990,7,5,"May"
1990,5,4,"May"
1990,6,6,"May"
1990,10,8,"May"
1990,4,3,"May"
1990,7,5,"May"
1990,5,5,"May"
1990,1,1,"May"
1990,12,9,"May"
1990,8,7,"June"
1990,14,10,"June"
1990,5,4,"June"
1990,1,1,"June"
1990,5,4,"June"
1990,7,6,"June"
1990,6,6,"June"
1990,7,7,"June"
1990,14,11,"June"
1990,10,9,"June"
1990,2,2,"June"
1990,7,6,"June"
1990,6,6,"June"
1990,5,5,"June"
1990,4,4,"June"
1990,9,8,"June"
1990,8,6,"June"
1990,13,9,"June"
1990,7,7,"June"
1990,3,3,"June"
1990,9,8,"June"
1990,6,6,"June"
1990,7,6,"June"
1990,7,6,"June"
1990,12,12,"June"
1990,3,3,"June"
1990,7,6,"June"
1990,14,9,"June"
1990,3,3,"June"
1990,12,9,"June"
1990,6,6,"July"
1990,12,10,"July"
1990,8,7,"July"
1990,5,5,"July"
1990,5,5,"July"
1990,3,3,"July"
1990,3,3,"July"
1990,8,6,"July"
1990,6,6,"July"
1990,6,6,"July"
1990,8,6,"July"
1990,11,9,"July"
1990,8,8,"July"
1990,7,5,"July"
1990,3,3,"July"
1990,9,7,"July"
1990,6,5,"July"
1990,8,7,"July"
1990,7,7,"July"
1990,4,3,"July"
1990,12,10,"July"
1990,9,9,"July"
1990,3,3,"July"
1990,6,6,"July"
1990,1,1,"July"
1990,4,4,"July"
1990,11,11,"July"
1990,12,10,"July"
1990,8,8,"July"
1990,4,4,"July"
1990,2,2,"July"
1990,6,5,"August"
1990,9,9,"August"
1990,11,9,"August"
1990,5,5,"August"
1990,6,5,"August"
1990,1,1,"August"
1990,3,3,"August"
1990,5,5,"August"
1990,7,6,"August"
1990,4,4,"August"
1990,4,4,"August"
1990,7,6,"August"
1990,3,3,"August"
1990,3,3,"August"
1990,8,5,"August"
1990,4,4,"August"
1990,2,2,"August"
1990,16,13,"August"
1990,6,6,"August"
1990,5,5,"August"
1990,3,3,"August"
1990,8,6,"August"
1990,9,8,"August"
1990,3,3,"August"
1990,16,11,"August"
1990,5,5,"August"
1990,4,3,"August"
1990,3,3,"August"
1990,8,5,"August"
1990,4,4,"August"
1990,11,11,"August"
1990,6,6,"September"
1990,9,6,"September"
1990,3,3,"September"
1990,5,5,"September"
1990,8,7,"September"
1990,4,4,"September"
1990,3,3,"September"
1990,11,10,"September"
1990,10,5,"September"
1990,4,3,"September"
1990,10,10,"September"
1990,1,1,"September"
1990,9,7,"September"
1990,8,7,"September"
1990,11,11,"September"
1990,6,5,"September"
1990,8,7,"September"
1990,3,3,"September"
1990,9,9,"September"
1990,12,9,"September"
1990,12,9,"September"
1990,16,14,"September"
1990,10,10,"September"
1990,9,8,"September"
1990,18,6,"September"
1990,1,1,"September"
1990,10,10,"September"
1990,4,4,"September"
1990,7,6,"September"
1990,6,5,"September"
1990,3,3,"October"
1990,6,6,"October"
1990,7,6,"October"
1990,6,5,"October"
1990,8,8,"October"
1990,7,6,"October"
1990,6,5,"October"
1990,5,4,"October"
1990,2,2,"October"
1990,5,4,"October"
1990,5,4,"October"
1990,7,7,"October"
1990,10,9,"October"
1990,5,5,"October"
1990,8,5,"October"
1990,3,3,"October"
1990,3,3,"October"
1990,2,2,"October"
1990,5,5,"October"
1990,10,8,"October"
1990,7,7,"October"
1990,3,3,"October"
1990,2,2,"October"
1990,6,6,"October"
1990,7,5,"October"
1990,5,5,"October"
1990,9,9,"October"
1990,6,4,"October"
1990,4,2,"October"
1990,2,2,"October"
1990,3,3,"October"
1990,9,7,"November"
1990,3,3,"November"
1990,7,5,"November"
1990,8,7,"November"
1990,4,4,"November"
1990,5,5,"November"
1990,3,3,"November"
1990,14,11,"November"
1990,9,9,"November"
1990,3,2,"November"
1990,4,4,"November"
1990,2,2,"November"
1990,1,1,"November"
1990,7,6,"November"
1990,6,5,"November"
1990,10,9,"November"
1990,9,8,"November"
1990,10,9,"November"
1990,1,1,"November"
1990,4,4,"November"
1990,14,11,"November"
1990,1,1,"November"
1990,3,2,"November"
1990,8,7,"November"
1990,2,2,"November"
1990,2,2,"November"
1990,4,3,"November"
1990,5,5,"November"
1990,4,4,"November"
1990,9,9,"November"
1990,7,7,"December"
1990,12,11,"December"
1990,1,1,"December"
1990,3,3,"December"
1990,6,6,"December"
1990,8,7,"December"
1990,9,9,"December"
1990,12,10,"December"
1990,13,11,"December"
1990,4,3,"December"
1990,7,6,"December"
1990,8,8,"December"
1990,5,4,"December"
1990,16,10,"December"
1990,12,12,"December"
1990,8,7,"December"
1990,5,4,"December"
1990,3,3,"December"
1990,8,8,"December"
1990,4,4,"December"
1990,12,11,"December"
1990,8,7,"December"
1990,7,4,"December"
1990,5,5,"December"
1990,3,3,"December"
1990,8,8,"December"
1990,6,5,"December"
1990,4,4,"December"
1990,7,7,"December"
1990,5,3,"December"
1990,7,6,"December"
1991,7,7,"January"
1991,6,6,"January"
1991,5,5,"January"
1991,1,1,"January"
1991,1,1,"January"
1991,5,5,"January"
1991,4,4,"January"
1991,3,3,"January"
1991,8,8,"January"
1991,8,6,"January"
1991,8,8,"January"
1991,3,3,"January"
1991,14,9,"January"
1991,0,0,"January"
1991,6,6,"January"
1991,4,4,"January"
1991,9,9,"January"
1991,4,4,"January"
1991,7,7,"January"
1991,5,4,"January"
1991,7,7,"January"
1991,3,3,"January"
1991,7,7,"January"
1991,6,5,"January"
1991,7,5,"January"
1991,10,10,"January"
1991,9,8,"January"
1991,3,3,"January"
1991,2,2,"January"
1991,0,0,"January"
1991,9,7,"January"
1991,9,9,"February"
1991,6,6,"February"
1991,5,4,"February"
1991,2,2,"February"
1991,4,3,"February"
1991,9,8,"February"
1991,6,5,"February"
1991,9,8,"February"
1991,6,6,"February"
1991,6,6,"February"
1991,1,1,"February"
1991,3,3,"February"
1991,3,3,"February"
1991,4,3,"February"
1991,4,4,"February"
1991,11,8,"February"
1991,10,8,"February"
1991,7,7,"February"
1991,10,9,"February"
1991,3,2,"February"
1991,6,6,"February"
1991,6,5,"February"
1991,5,5,"February"
1991,6,5,"February"
1991,3,3,"February"
1991,1,1,"February"
1991,1,1,"February"
1991,7,6,"February"
1991,8,8,"March"
1991,13,10,"March"
1991,9,8,"March"
1991,4,3,"March"
1991,5,4,"March"
1991,7,6,"March"
1991,6,5,"March"
1991,7,7,"March"
1991,8,7,"March"
1991,14,9,"March"
1991,4,3,"March"
1991,5,3,"March"
1991,6,6,"March"
1991,4,2,"March"
1991,10,8,"March"
1991,12,10,"March"
1991,3,3,"March"
1991,3,3,"March"
1991,1,1,"March"
1991,5,5,"March"
1991,1,1,"March"
1991,7,7,"March"
1991,6,5,"March"
1991,4,3,"March"
1991,4,4,"March"
1991,9,7,"March"
1991,3,3,"March"
1991,10,9,"March"
1991,13,8,"March"
1991,10,8,"March"
1991,4,4,"March"
1991,3,3,"April"
1991,5,5,"April"
1991,4,4,"April"
1991,2,2,"April"
1991,3,3,"April"
1991,19,14,"April"
1991,16,13,"April"
1991,1,1,"April"
1991,6,6,"April"
1991,5,4,"April"
1991,6,4,"April"
1991,5,5,"April"
1991,12,11,"April"
1991,5,5,"April"
1991,4,3,"April"
1991,6,6,"April"
1991,6,5,"April"
1991,3,3,"April"
1991,6,5,"April"
1991,5,4,"April"
1991,6,6,"April"
1991,7,6,"April"
1991,8,7,"April"
1991,9,8,"April"
1991,4,3,"April"
1991,4,3,"April"
1991,5,4,"April"
1991,4,4,"April"
1991,4,4,"April"
1991,6,6,"April"
1991,3,3,"May"
1991,7,5,"May"
1991,8,8,"May"
1991,5,5,"May"
1991,5,5,"May"
1991,4,4,"May"
1991,5,5,"May"
1991,7,7,"May"
1991,3,3,"May"
1991,6,5,"May"
1991,9,9,"May"
1991,6,6,"May"
1991,3,3,"May"
1991,2,2,"May"
1991,6,5,"May"
1991,4,4,"May"
1991,4,3,"May"
1991,8,8,"May"
1991,5,5,"May"
1991,9,8,"May"
1991,4,4,"May"
1991,4,4,"May"
1991,3,3,"May"
1991,0,0,"May"
1991,12,12,"May"
1991,7,4,"May"
1991,3,3,"May"
1991,1,1,"May"
1991,4,4,"May"
1991,7,7,"May"
1991,6,4,"May"
1991,7,6,"June"
1991,4,3,"June"
1991,0,0,"June"
1991,0,0,"June"
1991,7,7,"June"
1991,2,2,"June"
1991,13,11,"June"
1991,6,6,"June"
1991,5,5,"June"
1991,1,1,"June"
1991,3,3,"June"
1991,2,2,"June"
1991,4,4,"June"
1991,3,3,"June"
1991,10,9,"June"
1991,8,7,"June"
1991,3,2,"June"
1991,1,1,"June"
1991,7,7,"June"
1991,8,7,"June"
1991,6,5,"June"
1991,11,10,"June"
1991,4,4,"June"
1991,4,4,"June"
1991,3,3,"June"
1991,2,2,"June"
1991,5,5,"June"
1991,4,3,"June"
1991,10,9,"June"
1991,7,7,"June"
1991,9,8,"July"
1991,2,2,"July"
1991,8,6,"July"
1991,2,2,"July"
1991,8,8,"July"
1991,10,9,"July"
1991,11,10,"July"
1991,4,3,"July"
1991,1,1,"July"
1991,0,0,"July"
1991,8,8,"July"
1991,9,9,"July"
1991,11,10,"July"
1991,4,3,"July"
1991,6,6,"July"
1991,2,2,"July"
1991,9,5,"July"
1991,2,2,"July"
1991,2,2,"July"
1991,8,7,"July"
1991,7,7,"July"
1991,7,5,"July"
1991,5,4,"July"
1991,4,4,"July"
1991,4,4,"July"
1991,10,8,"July"
1991,10,8,"July"
1991,5,4,"July"
1991,7,5,"July"
1991,7,7,"July"
1991,5,4,"July"
1991,2,2,"August"
1991,10,9,"August"
1991,14,12,"August"
1991,8,8,"August"
1991,6,4,"August"
1991,3,2,"August"
1991,4,3,"August"
1991,8,7,"August"
1991,3,3,"August"
1991,3,3,"August"
1991,7,7,"August"
1991,7,6,"August"
1991,6,5,"August"
1991,7,6,"August"
1991,3,3,"August"
1991,13,10,"August"
1991,12,7,"August"
1991,10,8,"August"
1991,4,4,"August"
1991,4,4,"August"
1991,10,9,"August"
1991,4,4,"August"
1991,3,3,"August"
1991,10,7,"August"
1991,5,5,"August"
1991,5,5,"August"
1991,4,4,"August"
1991,3,3,"August"
1991,4,4,"August"
1991,6,6,"August"
1991,6,6,"August"
1991,4,2,"September"
1991,5,5,"September"
1991,2,2,"September"
1991,7,6,"September"
1991,2,2,"September"
1991,8,8,"September"
1991,5,4,"September"
1991,13,8,"September"
1991,0,0,"September"
1991,2,2,"September"
1991,5,5,"September"
1991,5,4,"September"
1991,8,7,"September"
1991,14,13,"September"
1991,4,4,"September"
1991,6,5,"September"
1991,5,5,"September"
1991,1,1,"September"
1991,7,6,"September"
1991,9,8,"September"
1991,10,8,"September"
1991,5,5,"September"
1991,5,5,"September"
1991,5,5,"September"
1991,3,3,"September"
1991,13,10,"September"
1991,13,10,"September"
1991,7,7,"September"
1991,5,5,"September"
1991,3,3,"September"
1991,8,7,"October"
1991,3,3,"October"
1991,5,5,"October"
1991,5,5,"October"
1991,12,9,"October"
1991,10,10,"October"
1991,6,6,"October"
1991,3,3,"October"
1991,2,2,"October"
1991,3,3,"October"
1991,7,6,"October"
1991,9,8,"October"
1991,3,3,"October"
1991,6,4,"October"
1991,6,4,"October"
1991,10,9,"October"
1991,5,5,"October"
1991,8,7,"October"
1991,7,7,"October"
1991,7,7,"October"
1991,4,4,"October"
1991,1,1,"October"
1991,9,6,"October"
1991,2,2,"October"
1991,9,9,"October"
1991,8,8,"October"
1991,9,8,"October"
1991,5,5,"October"
1991,1,1,"October"
1991,2,2,"October"
1991,2,2,"October"
1991,4,4,"November"
1991,8,8,"November"
1991,6,4,"November"
1991,2,2,"November"
1991,4,4,"November"
1991,7,6,"November"
1991,4,4,"November"
1991,6,5,"November"
1991,15,13,"November"
1991,5,4,"November"
1991,3,3,"November"
1991,6,6,"November"
1991,3,3,"November"
1991,2,2,"November"
1991,10,9,"November"
1991,4,3,"November"
1991,7,5,"November"
1991,5,5,"November"
1991,5,4,"November"
1991,3,3,"November"
1991,4,3,"November"
1991,4,4,"November"
1991,6,6,"November"
1991,9,9,"November"
1991,6,5,"November"
1991,4,4,"November"
1991,6,5,"November"
1991,4,4,"November"
1991,10,8,"November"
1991,4,4,"November"
1991,9,9,"December"
1991,8,8,"December"
1991,11,10,"December"
1991,4,4,"December"
1991,6,5,"December"
1991,8,7,"December"
1991,5,5,"December"
1991,5,4,"December"
1991,3,2,"December"
1991,3,3,"December"
1991,8,5,"December"
1991,8,8,"December"
1991,6,5,"December"
1991,7,6,"December"
1991,6,6,"December"
1991,10,8,"December"
1991,5,4,"December"
1991,4,3,"December"
1991,6,5,"December"
1991,10,9,"December"
1991,10,10,"December"
1991,3,2,"December"
1991,3,3,"December"
1991,2,2,"December"
1991,10,8,"December"
1991,9,8,"December"
1991,10,6,"December"
1991,1,1,"December"
1991,5,5,"December"
1991,2,2,"December"
1991,3,3,"December"
1992,2,2,"January"
1992,5,3,"January"
1992,4,4,"January"
1992,16,10,"January"
1992,3,3,"January"
1992,4,4,"January"
1992,7,5,"January"
1992,6,6,"January"
1992,4,3,"January"
1992,5,3,"January"
1992,9,8,"January"
1992,3,3,"January"
1992,8,5,"January"
1992,1,1,"January"
1992,3,3,"January"
1992,3,3,"January"
1992,5,5,"January"
1992,6,6,"January"
1992,6,5,"January"
1992,4,4,"January"
1992,6,5,"January"
1992,8,8,"January"
1992,4,4,"January"
1992,7,7,"January"
1992,5,5,"January"
1992,4,4,"January"
1992,8,6,"January"
1992,6,6,"January"
1992,2,2,"January"
1992,6,5,"January"
1992,15,8,"January"
1992,4,4,"February"
1992,9,8,"February"
1992,2,2,"February"
1992,2,2,"February"
1992,6,3,"February"
1992,5,4,"February"
1992,4,4,"February"
1992,6,6,"February"
1992,10,9,"February"
1992,5,4,"February"
1992,4,4,"February"
1992,4,4,"February"
1992,3,3,"February"
1992,6,5,"February"
1992,15,8,"February"
1992,2,2,"February"
1992,2,2,"February"
1992,0,0,"February"
1992,6,6,"February"
1992,5,5,"February"
1992,7,6,"February"
1992,9,8,"February"
1992,5,5,"February"
1992,4,4,"February"
1992,0,0,"February"
1992,3,3,"February"
1992,10,9,"February"
1992,4,4,"February"
1992,6,6,"February"
1992,9,8,"March"
1992,2,2,"March"
1992,7,6,"March"
1992,3,3,"March"
1992,4,3,"March"
1992,6,6,"March"
1992,10,10,"March"
1992,1,1,"March"
1992,5,4,"March"
1992,4,4,"March"
1992,0,0,"March"
1992,5,5,"March"
1992,3,2,"March"
1992,8,8,"March"
1992,2,2,"March"
1992,2,2,"March"
1992,4,4,"March"
1992,1,1,"March"
1992,7,7,"March"
1992,9,8,"March"
1992,5,5,"March"
1992,10,9,"March"
1992,10,10,"March"
1992,1,1,"March"
1992,3,3,"March"
1992,6,5,"March"
1992,11,10,"March"
1992,11,10,"March"
1992,5,5,"March"
1992,5,5,"March"
1992,2,2,"March"
1992,5,5,"April"
1992,6,6,"April"
1992,11,10,"April"
1992,5,5,"April"
1992,15,8,"April"
1992,3,3,"April"
1992,4,4,"April"
1992,8,8,"April"
1992,5,5,"April"
1992,5,5,"April"
1992,6,6,"April"
1992,11,7,"April"
1992,2,2,"April"
1992,5,5,"April"
1992,7,7,"April"
1992,6,4,"April"
1992,7,5,"April"
1992,10,10,"April"
1992,7,6,"April"
1992,6,6,"April"
1992,6,6,"April"
1992,1,1,"April"
1992,3,3,"April"
1992,10,8,"April"
1992,6,5,"April"
1992,10,10,"April"
1992,2,2,"April"
1992,4,4,"April"
1992,5,4,"April"
1992,4,4,"April"
1992,6,6,"May"
1992,6,5,"May"
1992,7,7,"May"
1992,3,3,"May"
1992,4,4,"May"
1992,2,2,"May"
1992,4,4,"May"
1992,11,8,"May"
1992,5,5,"May"
1992,5,5,"May"
1992,6,5,"May"
1992,4,4,"May"
1992,4,4,"May"
1992,2,2,"May"
1992,7,6,"May"
1992,6,5,"May"
1992,4,4,"May"
1992,6,6,"May"
1992,0,0,"May"
1992,4,4,"May"
1992,3,3,"May"
1992,8,7,"May"
1992,7,5,"May"
1992,6,4,"May"
1992,5,5,"May"
1992,5,4,"May"
1992,6,6,"May"
1992,4,3,"May"
1992,5,5,"May"
1992,3,3,"May"
1992,4,4,"May"
1992,2,2,"June"
1992,3,3,"June"
1992,3,3,"June"
1992,7,7,"June"
1992,7,7,"June"
1992,2,2,"June"
1992,3,3,"June"
1992,8,4,"June"
1992,1,1,"June"
1992,4,2,"June"
1992,2,2,"June"
1992,10,10,"June"
1992,4,4,"June"
1992,8,8,"June"
1992,6,5,"June"
1992,10,10,"June"
1992,3,3,"June"
1992,10,10,"June"
1992,6,6,"June"
1992,12,10,"June"
1992,10,7,"June"
1992,3,3,"June"
1992,3,3,"June"
1992,4,4,"June"
1992,2,2,"June"
1992,11,10,"June"
1992,9,8,"June"
1992,6,4,"June"
1992,4,4,"June"
1992,5,4,"June"
1992,5,5,"July"
1992,3,3,"July"
1992,4,4,"July"
1992,4,3,"July"
1992,2,2,"July"
1992,2,2,"July"
1992,5,5,"July"
1992,4,2,"July"
1992,9,7,"July"
1992,3,3,"July"
1992,6,5,"July"
1992,12,9,"July"
1992,7,5,"July"
1992,4,4,"July"
1992,3,3,"July"
1992,6,6,"July"
1992,4,4,"July"
1992,13,10,"July"
1992,5,5,"July"
1992,7,4,"July"
1992,6,4,"July"
1992,4,3,"July"
1992,5,5,"July"
1992,2,2,"July"
1992,11,11,"July"
1992,4,4,"July"
1992,4,4,"July"
1992,3,2,"July"
1992,2,2,"July"
1992,4,4,"July"
1992,6,5,"July"
1992,2,2,"August"
1992,3,3,"August"
1992,4,4,"August"
1992,6,6,"August"
1992,5,5,"August"
1992,1,1,"August"
1992,10,7,"August"
1992,5,5,"August"
1992,2,2,"August"
1992,5,4,"August"
1992,1,1,"August"
1992,6,4,"August"
1992,7,7,"August"
1992,2,2,"August"
1992,5,5,"August"
1992,3,3,"August"
1992,3,3,"August"
1992,6,6,"August"
1992,3,3,"August"
1992,3,2,"August"
1992,11,10,"August"
1992,9,8,"August"
1992,8,7,"August"
1992,9,8,"August"
1992,7,7,"August"
1992,5,5,"August"
1992,10,8,"August"
1992,3,2,"August"
1992,4,4,"August"
1992,6,4,"August"
1992,3,2,"August"
1992,2,2,"September"
1992,4,4,"September"
1992,4,4,"September"
1992,9,8,"September"
1992,6,5,"September"
1992,5,5,"September"
1992,5,5,"September"
1992,4,4,"September"
1992,2,2,"September"
1992,2,2,"September"
1992,3,3,"September"
1992,3,3,"September"
1992,4,2,"September"
1992,4,4,"September"
1992,4,4,"September"
1992,4,4,"September"
1992,1,1,"September"
1992,9,9,"September"
1992,10,10,"September"
1992,7,5,"September"
1992,1,1,"September"
1992,2,2,"September"
1992,4,3,"September"
1992,8,8,"September"
1992,7,7,"September"
1992,15,12,"September"
1992,3,3,"September"
1992,5,4,"September"
1992,7,6,"September"
1992,4,4,"September"
1992,6,5,"October"
1992,6,6,"October"
1992,3,3,"October"
1992,4,4,"October"
1992,5,2,"October"
1992,8,6,"October"
1992,1,1,"October"
1992,7,7,"October"
1992,10,8,"October"
1992,3,3,"October"
1992,9,5,"October"
1992,4,4,"October"
1992,1,1,"October"
1992,6,6,"October"
1992,4,4,"October"
1992,7,7,"October"
1992,8,6,"October"
1992,12,10,"October"
1992,4,4,"October"
1992,2,2,"October"
1992,8,6,"October"
1992,8,6,"October"
1992,10,9,"October"
1992,10,6,"October"
1992,8,8,"October"
1992,2,2,"October"
1992,5,5,"October"
1992,8,7,"October"
1992,7,7,"October"
1992,8,6,"October"
1992,9,6,"October"
1992,7,6,"November"
1992,4,4,"November"
1992,4,4,"November"
1992,5,3,"November"
1992,1,1,"November"
1992,5,4,"November"
1992,7,5,"November"
1992,6,4,"November"
1992,5,5,"November"
1992,7,6,"November"
1992,2,2,"November"
1992,6,6,"November"
1992,4,4,"November"
1992,3,3,"November"
1992,3,1,"November"
1992,3,3,"November"
1992,8,7,"November"
1992,10,6,"November"
1992,5,5,"November"
1992,9,6,"November"
1992,7,7,"November"
1992,8,5,"November"
1992,4,4,"November"
1992,2,2,"November"
1992,6,6,"November"
1992,2,2,"November"
1992,1,1,"November"
1992,3,3,"November"
1992,11,9,"November"
1992,3,3,"November"
1992,3,3,"December"
1992,5,5,"December"
1992,9,7,"December"
1992,16,12,"December"
1992,8,6,"December"
1992,9,8,"December"
1992,4,4,"December"
1992,3,3,"December"
1992,10,6,"December"
1992,4,4,"December"
1992,4,4,"December"
1992,7,6,"December"
1992,12,12,"December"
1992,4,4,"December"
1992,4,4,"December"
1992,5,5,"December"
1992,3,3,"December"
1992,6,5,"December"
1992,12,10,"December"
1992,4,4,"December"
1992,5,5,"December"
1992,5,4,"December"
1992,1,1,"December"
1992,3,3,"December"
1992,2,2,"December"
1992,3,2,"December"
1992,4,4,"December"
1992,6,5,"December"
1992,6,5,"December"
1992,3,3,"December"
1992,7,5,"December"
1993,7,7,"January"
1993,5,4,"January"
1993,4,3,"January"
1993,1,1,"January"
1993,0,0,"January"
1993,5,4,"January"
1993,3,3,"January"
1993,5,5,"January"
1993,8,7,"January"
1993,5,5,"January"
1993,2,2,"January"
1993,5,4,"January"
1993,1,1,"January"
1993,3,3,"January"
1993,4,4,"January"
1993,7,6,"January"
1993,7,7,"January"
1993,2,2,"January"
1993,3,3,"January"
1993,5,5,"January"
1993,1,1,"January"
1993,11,7,"January"
1993,11,7,"January"
1993,7,6,"January"
1993,0,0,"January"
1993,2,2,"January"
1993,3,3,"January"
1993,4,3,"January"
1993,2,2,"January"
1993,8,5,"January"
1993,6,6,"January"
1993,4,4,"February"
1993,2,2,"February"
1993,3,3,"February"
1993,3,3,"February"
1993,4,4,"February"
1993,9,9,"February"
1993,3,3,"February"
1993,0,0,"February"
1993,3,3,"February"
1993,7,5,"February"
1993,5,5,"February"
1993,5,4,"February"
1993,10,8,"February"
1993,10,9,"February"
1993,4,4,"February"
1993,8,7,"February"
1993,4,4,"February"
1993,8,7,"February"
1993,8,7,"February"
1993,5,5,"February"
1993,5,3,"February"
1993,3,2,"February"
1993,2,2,"February"
1993,10,9,"February"
1993,2,2,"February"
1993,4,4,"February"
1993,4,4,"February"
1993,1,1,"February"
1993,3,3,"March"
1993,8,5,"March"
1993,2,2,"March"
1993,3,3,"March"
1993,8,7,"March"
1993,5,3,"March"
1993,2,2,"March"
1993,3,3,"March"
1993,3,3,"March"
1993,2,2,"March"
1993,5,5,"March"
1993,5,5,"March"
1993,5,5,"March"
1993,10,9,"March"
1993,7,6,"March"
1993,2,2,"March"
1993,7,7,"March"
1993,6,6,"March"
1993,10,9,"March"
1993,8,7,"March"
1993,6,6,"March"
1993,5,4,"March"
1993,9,9,"March"
1993,7,7,"March"
1993,10,9,"March"
1993,2,2,"March"
1993,6,6,"March"
1993,3,3,"March"
1993,2,2,"March"
1993,1,1,"March"
1993,3,3,"March"
1993,5,5,"April"
1993,4,4,"April"
1993,7,6,"April"
1993,8,8,"April"
1993,3,3,"April"
1993,2,2,"April"
1993,8,5,"April"
1993,3,3,"April"
1993,7,6,"April"
1993,8,6,"April"
1993,6,6,"April"
1993,3,2,"April"
1993,6,6,"April"
1993,9,8,"April"
1993,10,7,"April"
1993,5,5,"April"
1993,2,2,"April"
1993,2,2,"April"
1993,7,5,"April"
1993,5,3,"April"
1993,5,3,"April"
1993,3,3,"April"
1993,4,4,"April"
1993,9,8,"April"
1993,8,6,"April"
1993,2,2,"April"
1993,3,3,"April"
1993,8,5,"April"
1993,6,6,"April"
1993,4,4,"April"
1993,1,1,"May"
1993,7,5,"May"
1993,0,0,"May"
1993,5,4,"May"
1993,0,0,"May"
1993,4,4,"May"
1993,5,4,"May"
1993,2,2,"May"
1993,2,2,"May"
1993,5,4,"May"
1993,7,5,"May"
1993,4,4,"May"
1993,4,4,"May"
1993,6,5,"May"
1993,7,7,"May"
1993,6,5,"May"
1993,5,4,"May"
1993,5,5,"May"
1993,2,2,"May"
1993,9,9,"May"
1993,6,4,"May"
1993,9,9,"May"
1993,4,3,"May"
1993,8,7,"May"
1993,1,1,"May"
1993,9,9,"May"
1993,4,4,"May"
1993,7,7,"May"
1993,3,3,"May"
1993,11,9,"May"
1993,2,2,"May"
1993,4,4,"June"
1993,4,4,"June"
1993,2,2,"June"
1993,3,3,"June"
1993,5,5,"June"
1993,2,2,"June"
1993,0,0,"June"
1993,7,7,"June"
1993,2,2,"June"
1993,3,3,"June"
1993,6,5,"June"
1993,1,1,"June"
1993,3,3,"June"
1993,4,4,"June"
1993,3,3,"June"
1993,6,6,"June"
1993,4,3,"June"
1993,7,7,"June"
1993,9,8,"June"
1993,4,4,"June"
1993,5,5,"June"
1993,3,3,"June"
1993,9,6,"June"
1993,8,7,"June"
1993,10,8,"June"
1993,9,9,"June"
1993,8,7,"June"
1993,8,7,"June"
1993,5,5,"June"
1993,2,2,"June"
1993,2,2,"July"
1993,6,5,"July"
1993,6,6,"July"
1993,3,3,"July"
1993,2,2,"July"
1993,0,0,"July"
1993,3,3,"July"
1993,2,2,"July"
1993,12,9,"July"
1993,6,6,"July"
1993,3,3,"July"
1993,7,6,"July"
1993,10,9,"July"
1993,3,3,"July"
1993,3,2,"July"
1993,5,4,"July"
1993,5,5,"July"
1993,7,6,"July"
1993,2,2,"July"
1993,3,3,"July"
1993,7,7,"July"
1993,3,3,"July"
1993,6,6,"July"
1993,2,2,"July"
1993,9,8,"July"
1993,3,3,"July"
1993,5,4,"July"
1993,6,5,"July"
1993,4,4,"July"
1993,9,8,"July"
1993,4,4,"July"
1993,5,5,"August"
1993,3,3,"August"
1993,2,2,"August"
1993,8,6,"August"
1993,7,7,"August"
1993,7,7,"August"
1993,12,10,"August"
1993,11,9,"August"
1993,8,7,"August"
1993,5,5,"August"
1993,7,6,"August"
1993,7,7,"August"
1993,8,8,"August"
1993,6,6,"August"
1993,7,6,"August"
1993,4,4,"August"
1993,3,3,"August"
1993,6,6,"August"
1993,6,6,"August"
1993,9,7,"August"
1993,6,5,"August"
1993,2,2,"August"
1993,7,7,"August"
1993,2,1,"August"
1993,5,5,"August"
1993,2,2,"August"
1993,6,6,"August"
1993,3,2,"August"
1993,11,8,"August"
1993,4,4,"August"
1993,6,5,"August"
1993,2,2,"September"
1993,4,4,"September"
1993,6,6,"September"
1993,14,12,"September"
1993,3,3,"September"
1993,3,3,"September"
1993,4,4,"September"
1993,1,1,"September"
1993,0,0,"September"
1993,14,11,"September"
1993,7,6,"September"
1993,7,5,"September"
1993,2,2,"September"
1993,6,6,"September"
1993,2,2,"September"
1993,3,3,"September"
1993,9,8,"September"
1993,7,6,"September"
1993,3,3,"September"
1993,0,0,"September"
1993,5,5,"September"
1993,6,5,"September"
1993,5,5,"September"
1993,5,5,"September"
1993,9,8,"September"
1993,8,7,"September"
1993,4,3,"September"
1993,7,6,"September"
1993,5,5,"September"
1993,7,6,"September"
1993,11,10,"October"
1993,10,8,"October"
1993,12,10,"October"
1993,3,3,"October"
1993,9,6,"October"
1993,5,3,"October"
1993,6,6,"October"
1993,8,8,"October"
1993,13,13,"October"
1993,8,6,"October"
1993,5,5,"October"
1993,4,4,"October"
1993,6,6,"October"
1993,4,4,"October"
1993,4,4,"October"
1993,9,5,"October"
1993,4,4,"October"
1993,3,3,"October"
1993,1,1,"October"
1993,6,5,"October"
1993,4,4,"October"
1993,10,10,"October"
1993,12,11,"October"
1993,6,5,"October"
1993,2,2,"October"
1993,7,7,"October"
1993,9,9,"October"
1993,8,7,"October"
1993,8,8,"October"
1993,8,8,"October"
1993,2,2,"October"
1993,2,2,"November"
1993,13,4,"November"
1993,3,3,"November"
1993,6,6,"November"
1993,5,4,"November"
1993,12,10,"November"
1993,8,8,"November"
1993,2,2,"November"
1993,4,4,"November"
1993,3,3,"November"
1993,5,5,"November"
1993,6,5,"November"
1993,4,3,"November"
1993,2,2,"November"
1993,5,4,"November"
1993,7,5,"November"
1993,8,8,"November"
1993,8,5,"November"
1993,5,5,"November"
1993,9,8,"November"
1993,3,3,"November"
1993,7,5,"November"
1993,6,5,"November"
1993,1,1,"November"
1993,5,3,"November"
1993,3,3,"November"
1993,8,6,"November"
1993,9,6,"November"
1993,4,4,"November"
1993,7,6,"November"
1993,6,6,"December"
1993,5,5,"December"
1993,4,4,"December"
1993,7,7,"December"
1993,8,7,"December"
1993,2,2,"December"
1993,4,4,"December"
1993,7,6,"December"
1993,9,8,"December"
1993,10,10,"December"
1993,11,10,"December"
1993,7,7,"December"
1993,7,5,"December"
1993,4,4,"December"
1993,8,7,"December"
1993,4,4,"December"
1993,5,5,"December"
1993,7,6,"December"
1993,7,6,"December"
1993,10,10,"December"
1993,3,2,"December"
1993,3,3,"December"
1993,17,12,"December"
1993,5,4,"December"
1993,2,2,"December"
1993,6,5,"December"
1993,5,5,"December"
1993,1,1,"December"
1993,5,5,"December"
1993,8,7,"December"
1993,9,5,"December"
1994,6,3,"January"
1994,5,5,"January"
1994,3,3,"January"
1994,2,1,"January"
1994,2,2,"January"
1994,3,3,"January"
1994,6,3,"January"
1994,5,4,"January"
1994,5,3,"January"
1994,7,5,"January"
1994,6,6,"January"
1994,6,6,"January"
1994,1,1,"January"
1994,6,6,"January"
1994,4,4,"January"
1994,9,8,"January"
1994,7,6,"January"
1994,1,1,"January"
1994,6,6,"January"
1994,7,6,"January"
1994,7,6,"January"
1994,7,6,"January"
1994,4,4,"January"
1994,6,6,"January"
1994,4,4,"January"
1994,2,2,"January"
1994,6,6,"January"
1994,8,7,"January"
1994,8,8,"January"
1994,6,6,"January"
1994,3,3,"January"
1994,5,5,"February"
1994,5,5,"February"
1994,2,2,"February"
1994,7,7,"February"
1994,8,7,"February"
1994,4,4,"February"
1994,2,2,"February"
1994,3,3,"February"
1994,8,8,"February"
1994,2,2,"February"
1994,5,5,"February"
1994,2,2,"February"
1994,3,3,"February"
1994,2,2,"February"
1994,2,2,"February"
1994,3,2,"February"
1994,4,4,"February"
1994,12,8,"February"
1994,4,3,"February"
1994,6,6,"February"
1994,7,7,"February"
1994,3,3,"February"
1994,6,6,"February"
1994,3,3,"February"
1994,6,6,"February"
1994,4,4,"February"
1994,8,6,"February"
1994,5,4,"February"
1994,1,1,"March"
1994,8,4,"March"
1994,8,8,"March"
1994,7,7,"March"
1994,3,3,"March"
1994,7,6,"March"
1994,3,3,"March"
1994,6,6,"March"
1994,4,4,"March"
1994,4,4,"March"
1994,9,9,"March"
1994,6,6,"March"
1994,5,5,"March"
1994,3,2,"March"
1994,5,5,"March"
1994,3,3,"March"
1994,4,4,"March"
1994,6,6,"March"
1994,12,11,"March"
1994,3,3,"March"
1994,8,8,"March"
1994,6,6,"March"
1994,8,8,"March"
1994,4,4,"March"
1994,7,7,"March"
1994,15,13,"March"
1994,11,11,"March"
1994,4,3,"March"
1994,2,2,"March"
1994,7,7,"March"
1994,6,5,"March"
1994,6,4,"April"
1994,5,5,"April"
1994,15,6,"April"
1994,3,3,"April"
1994,4,3,"April"
1994,3,3,"April"
1994,6,6,"April"
1994,5,4,"April"
1994,9,8,"April"
1994,8,6,"April"
1994,8,7,"April"
1994,5,5,"April"
1994,6,5,"April"
1994,4,4,"April"
1994,2,2,"April"
1994,3,3,"April"
1994,7,5,"April"
1994,3,3,"April"
1994,2,2,"April"
1994,9,8,"April"
1994,3,2,"April"
1994,5,4,"April"
1994,5,4,"April"
1994,3,3,"April"
1994,2,2,"April"
1994,2,1,"April"
1994,6,6,"April"
1994,3,3,"April"
1994,5,5,"April"
1994,5,5,"April"
1994,2,2,"May"
1994,3,3,"May"
1994,7,5,"May"
1994,2,2,"May"
1994,2,2,"May"
1994,4,4,"May"
1994,3,3,"May"
1994,2,2,"May"
1994,4,3,"May"
1994,2,2,"May"
1994,6,4,"May"
1994,5,4,"May"
1994,8,8,"May"
1994,4,4,"May"
1994,7,7,"May"
1994,3,3,"May"
1994,2,2,"May"
1994,6,6,"May"
1994,11,10,"May"
1994,7,6,"May"
1994,9,7,"May"
1994,4,3,"May"
1994,1,1,"May"
1994,10,7,"May"
1994,1,1,"May"
1994,3,3,"May"
1994,7,7,"May"
1994,5,5,"May"
1994,6,6,"May"
1994,4,3,"May"
1994,6,6,"May"
1994,8,6,"June"
1994,4,4,"June"
1994,8,8,"June"
1994,4,4,"June"
1994,2,2,"June"
1994,5,5,"June"
1994,5,5,"June"
1994,7,5,"June"
1994,5,4,"June"
1994,2,2,"June"
1994,6,5,"June"
1994,6,3,"June"
1994,1,1,"June"
1994,5,4,"June"
1994,8,6,"June"
1994,6,6,"June"
1994,8,8,"June"
1994,12,9,"June"
1994,7,7,"June"
1994,4,4,"June"
1994,4,4,"June"
1994,4,4,"June"
1994,5,3,"June"
1994,6,6,"June"
1994,4,4,"June"
1994,2,2,"June"
1994,4,4,"June"
1994,4,3,"June"
1994,1,1,"June"
1994,11,8,"June"
1994,8,7,"July"
1994,6,6,"July"
1994,10,6,"July"
1994,3,2,"July"
1994,4,4,"July"
1994,5,5,"July"
1994,4,4,"July"
1994,9,8,"July"
1994,8,7,"July"
1994,9,8,"July"
1994,3,2,"July"
1994,3,3,"July"
1994,4,4,"July"
1994,7,6,"July"
1994,3,3,"July"
1994,7,7,"July"
1994,7,7,"July"
1994,4,4,"July"
1994,4,4,"July"
1994,3,3,"July"
1994,3,2,"July"
1994,4,4,"July"
1994,4,4,"July"
1994,2,2,"July"
1994,8,8,"July"
1994,4,2,"July"
1994,4,4,"July"
1994,3,3,"July"
1994,6,6,"July"
1994,8,5,"July"
1994,1,1,"July"
1994,4,4,"August"
1994,2,2,"August"
1994,1,1,"August"
1994,6,5,"August"
1994,8,7,"August"
1994,4,4,"August"
1994,7,7,"August"
1994,5,4,"August"
1994,2,2,"August"
1994,4,4,"August"
1994,2,2,"August"
1994,8,8,"August"
1994,13,12,"August"
1994,12,10,"August"
1994,3,2,"August"
1994,0,0,"August"
1994,4,4,"August"
1994,3,3,"August"
1994,4,4,"August"
1994,7,7,"August"
1994,4,4,"August"
1994,4,4,"August"
1994,0,0,"August"
1994,5,4,"August"
1994,1,1,"August"
1994,5,5,"August"
1994,2,2,"August"
1994,17,12,"August"
1994,5,5,"August"
1994,3,3,"August"
1994,2,2,"August"
1994,6,4,"September"
1994,3,3,"September"
1994,5,5,"September"
1994,5,4,"September"
1994,1,1,"September"
1994,3,3,"September"
1994,2,2,"September"
1994,5,5,"September"
1994,3,3,"September"
1994,3,3,"September"
1994,4,4,"September"
1994,7,4,"September"
1994,4,3,"September"
1994,8,7,"September"
1994,2,2,"September"
1994,6,6,"September"
1994,12,10,"September"
1994,5,5,"September"
1994,2,2,"September"
1994,4,3,"September"
1994,4,4,"September"
1994,3,3,"September"
1994,5,5,"September"
1994,5,5,"September"
1994,9,8,"September"
1994,9,8,"September"
1994,3,3,"September"
1994,5,4,"September"
1994,1,1,"September"
1994,7,7,"September"
1994,8,6,"October"
1994,9,8,"October"
1994,5,4,"October"
1994,3,3,"October"
1994,9,6,"October"
1994,5,5,"October"
1994,8,8,"October"
1994,7,5,"October"
1994,1,1,"October"
1994,4,4,"October"
1994,3,3,"October"
1994,3,3,"October"
1994,7,7,"October"
1994,14,13,"October"
1994,5,5,"October"
1994,6,6,"October"
1994,2,2,"October"
1994,2,2,"October"
1994,6,5,"October"
1994,7,7,"October"
1994,7,7,"October"
1994,7,6,"October"
1994,6,6,"October"
1994,21,9,"October"
1994,7,7,"October"
1994,7,5,"October"
1994,6,3,"October"
1994,8,7,"October"
1994,8,6,"October"
1994,6,5,"October"
1994,2,2,"October"
1994,7,6,"November"
1994,5,5,"November"
1994,10,8,"November"
1994,5,5,"November"
1994,9,9,"November"
1994,8,8,"November"
1994,9,6,"November"
1994,5,4,"November"
1994,0,0,"November"
1994,2,2,"November"
1994,4,4,"November"
1994,9,9,"November"
1994,12,9,"November"
1994,3,3,"November"
1994,6,5,"November"
1994,5,3,"November"
1994,6,6,"November"
1994,10,10,"November"
1994,10,8,"November"
1994,1,1,"November"
1994,6,6,"November"
1994,2,2,"November"
1994,7,6,"November"
1994,3,3,"November"
1994,4,3,"November"
1994,8,5,"November"
1994,9,9,"November"
1994,10,7,"November"
1994,6,5,"November"
1994,3,2,"November"
1994,7,6,"December"
1994,8,7,"December"
1994,3,3,"December"
1994,4,3,"December"
1994,3,3,"December"
1994,3,3,"December"
1994,4,3,"December"
1994,8,7,"December"
1994,10,10,"December"
1994,5,5,"December"
1994,5,5,"December"
1994,4,4,"December"
1994,5,4,"December"
1994,3,1,"December"
1994,7,7,"December"
1994,5,5,"December"
1994,9,8,"December"
1994,7,6,"December"
1994,0,0,"December"
1994,4,2,"December"
1994,4,3,"December"
1994,8,5,"December"
1994,11,8,"December"
1994,6,6,"December"
1994,4,4,"December"
1994,6,3,"December"
1994,7,7,"December"
1994,8,6,"December"
1994,2,2,"December"
1994,5,5,"December"
1994,4,4,"December"
1995,7,7,"January"
1995,0,0,"January"
1995,2,2,"January"
1995,7,5,"January"
1995,7,6,"January"
1995,3,3,"January"
1995,8,8,"January"
1995,13,10,"January"
1995,3,3,"January"
1995,4,3,"January"
1995,5,5,"January"
1995,6,5,"January"
1995,5,5,"January"
1995,6,5,"January"
1995,5,5,"January"
1995,7,6,"January"
1995,4,4,"January"
1995,11,9,"January"
1995,5,5,"January"
1995,6,6,"January"
1995,5,5,"January"
1995,7,7,"January"
1995,2,2,"January"
1995,3,2,"January"
1995,2,2,"January"
1995,3,3,"January"
1995,2,2,"January"
1995,6,6,"January"
1995,6,6,"January"
1995,6,5,"January"
1995,4,4,"January"
1995,2,2,"February"
1995,8,7,"February"
1995,5,2,"February"
1995,5,5,"February"
1995,6,5,"February"
1995,3,3,"February"
1995,7,6,"February"
1995,11,10,"February"
1995,1,1,"February"
1995,4,4,"February"
1995,7,6,"February"
1995,7,7,"February"
1995,4,4,"February"
1995,3,3,"February"
1995,3,3,"February"
1995,7,5,"February"
1995,11,10,"February"
1995,15,10,"February"
1995,3,3,"February"
1995,3,3,"February"
1995,6,6,"February"
1995,5,4,"February"
1995,2,2,"February"
1995,9,9,"February"
1995,6,5,"February"
1995,6,6,"February"
1995,5,5,"February"
1995,2,2,"February"
1995,9,9,"March"
1995,6,5,"March"
1995,4,4,"March"
1995,7,7,"March"
1995,5,4,"March"
1995,2,2,"March"
1995,2,2,"March"
1995,3,3,"March"
1995,4,4,"March"
1995,4,4,"March"
1995,5,5,"March"
1995,5,5,"March"
1995,4,4,"March"
1995,6,6,"March"
1995,4,4,"March"
1995,3,3,"March"
1995,7,7,"March"
1995,6,5,"March"
1995,5,5,"March"
1995,4,4,"March"
1995,3,3,"March"
1995,4,4,"March"
1995,8,7,"March"
1995,6,6,"March"
1995,9,9,"March"
1995,12,7,"March"
1995,5,5,"March"
1995,3,3,"March"
1995,5,4,"March"
1995,5,5,"March"
1995,6,6,"March"
1995,8,7,"April"
1995,6,6,"April"
1995,3,3,"April"
1995,3,3,"April"
1995,11,10,"April"
1995,3,3,"April"
1995,3,2,"April"
1995,3,3,"April"
1995,2,2,"April"
1995,3,3,"April"
1995,6,6,"April"
1995,4,4,"April"
1995,6,5,"April"
1995,8,7,"April"
1995,5,4,"April"
1995,7,7,"April"
1995,8,7,"April"
1995,0,0,"April"
1995,3,3,"April"
1995,4,4,"April"
1995,6,6,"April"
1995,5,4,"April"
1995,5,4,"April"
1995,3,3,"April"
1995,4,3,"April"
1995,12,10,"April"
1995,5,4,"April"
1995,4,4,"April"
1995,6,6,"April"
1995,4,4,"April"
1995,5,4,"May"
1995,4,4,"May"
1995,4,4,"May"
1995,6,6,"May"
1995,11,9,"May"
1995,5,5,"May"
1995,6,6,"May"
1995,3,3,"May"
1995,4,4,"May"
1995,7,4,"May"
1995,3,3,"May"
1995,8,8,"May"
1995,12,9,"May"
1995,6,6,"May"
1995,3,3,"May"
1995,1,1,"May"
1995,4,4,"May"
1995,2,2,"May"
1995,4,4,"May"
1995,7,6,"May"
1995,10,9,"May"
1995,6,5,"May"
1995,5,4,"May"
1995,9,7,"May"
1995,4,4,"May"
1995,1,1,"May"
1995,7,7,"May"
1995,6,6,"May"
1995,6,4,"May"
1995,5,4,"May"
1995,8,8,"May"
1995,8,7,"June"
1995,7,7,"June"
1995,8,6,"June"
1995,2,2,"June"
1995,0,0,"June"
1995,7,7,"June"
1995,8,5,"June"
1995,7,7,"June"
1995,4,4,"June"
1995,13,11,"June"
1995,5,5,"June"
1995,8,8,"June"
1995,4,4,"June"
1995,5,5,"June"
1995,6,6,"June"
1995,10,9,"June"
1995,4,4,"June"
1995,8,8,"June"
1995,4,3,"June"
1995,7,7,"June"
1995,9,7,"June"
1995,4,2,"June"
1995,6,4,"June"
1995,7,6,"June"
1995,8,6,"June"
1995,5,5,"June"
1995,7,7,"June"
1995,6,6,"June"
1995,7,3,"June"
1995,3,3,"June"
1995,12,9,"July"
1995,1,1,"July"
1995,4,4,"July"
1995,3,3,"July"
1995,6,3,"July"
1995,5,5,"July"
1995,4,4,"July"
1995,6,6,"July"
1995,8,7,"July"
1995,6,6,"July"
1995,6,6,"July"
1995,7,7,"July"
1995,5,5,"July"
1995,8,8,"July"
1995,4,4,"July"
1995,5,5,"July"
1995,2,2,"July"
1995,5,5,"July"
1995,9,6,"July"
1995,2,2,"July"
1995,8,8,"July"
1995,8,6,"July"
1995,5,5,"July"
1995,2,2,"July"
1995,2,2,"July"
1995,5,4,"July"
1995,4,4,"July"
1995,5,5,"July"
1995,3,3,"July"
1995,3,3,"July"
1995,2,1,"July"
1995,2,2,"August"
1995,8,8,"August"
1995,9,7,"August"
1995,10,8,"August"
1995,3,3,"August"
1995,6,5,"August"
1995,1,1,"August"
1995,3,3,"August"
1995,2,2,"August"
1995,5,4,"August"
1995,5,5,"August"
1995,8,8,"August"
1995,13,12,"August"
1995,7,6,"August"
1995,6,4,"August"
1995,11,11,"August"
1995,2,2,"August"
1995,2,2,"August"
1995,6,5,"August"
1995,7,7,"August"
1995,4,3,"August"
1995,2,2,"August"
1995,2,2,"August"
1995,5,5,"August"
1995,8,6,"August"
1995,5,5,"August"
1995,10,5,"August"
1995,7,5,"August"
1995,2,2,"August"
1995,5,5,"August"
1995,1,1,"August"
1995,7,7,"September"
1995,7,7,"September"
1995,1,1,"September"
1995,4,4,"September"
1995,1,1,"September"
1995,6,6,"September"
1995,6,5,"September"
1995,6,6,"September"
1995,6,5,"September"
1995,5,5,"September"
1995,2,2,"September"
1995,3,2,"September"
1995,2,2,"September"
1995,3,3,"September"
1995,9,7,"September"
1995,16,14,"September"
1995,8,7,"September"
1995,4,4,"September"
1995,6,6,"September"
1995,1,1,"September"
1995,2,2,"September"
1995,4,4,"September"
1995,9,8,"September"
1995,8,7,"September"
1995,8,8,"September"
1995,5,4,"September"
1995,3,3,"September"
1995,7,6,"September"
1995,6,6,"September"
1995,11,11,"September"
1995,6,5,"October"
1995,2,2,"October"
1995,4,3,"October"
1995,6,6,"October"
1995,3,3,"October"
1995,10,9,"October"
1995,5,5,"October"
1995,12,11,"October"
1995,3,3,"October"
1995,7,7,"October"
1995,2,2,"October"
1995,5,4,"October"
1995,11,11,"October"
1995,13,10,"October"
1995,7,5,"October"
1995,7,7,"October"
1995,3,3,"October"
1995,6,5,"October"
1995,6,6,"October"
1995,6,5,"October"
1995,6,6,"October"
1995,3,3,"October"
1995,6,6,"October"
1995,2,2,"October"
1995,3,3,"October"
1995,12,10,"October"
1995,9,8,"October"
1995,10,8,"October"
1995,8,8,"October"
1995,2,2,"October"
1995,2,2,"October"
1995,7,7,"November"
1995,7,6,"November"
1995,6,6,"November"
1995,10,10,"November"
1995,4,3,"November"
1995,8,7,"November"
1995,4,4,"November"
1995,5,5,"November"
1995,4,4,"November"
1995,6,5,"November"
1995,7,7,"November"
1995,9,8,"November"
1995,1,1,"November"
1995,2,2,"November"
1995,5,5,"November"
1995,8,7,"November"
1995,3,3,"November"
1995,14,11,"November"
1995,7,7,"November"
1995,11,9,"November"
1995,6,6,"November"
1995,2,2,"November"
1995,4,3,"November"
1995,4,4,"November"
1995,5,5,"November"
1995,3,3,"November"
1995,12,11,"November"
1995,4,4,"November"
1995,4,4,"November"
1995,3,3,"November"
1995,16,14,"December"
1995,5,4,"December"
1995,6,5,"December"
1995,6,6,"December"
1995,7,5,"December"
1995,1,1,"December"
1995,11,10,"December"
1995,7,6,"December"
1995,14,13,"December"
1995,1,1,"December"
1995,6,6,"December"
1995,1,1,"December"
1995,2,2,"December"
1995,5,5,"December"
1995,6,6,"December"
1995,14,9,"December"
1995,6,6,"December"
1995,5,5,"December"
1995,8,7,"December"
1995,7,7,"December"
1995,2,2,"December"
1995,9,8,"December"
1995,6,4,"December"
1995,5,3,"December"
1995,3,3,"December"
1995,6,6,"December"
1995,5,4,"December"
1995,5,4,"December"
1995,2,2,"December"
1995,3,3,"December"
1995,1,1,"December"
1996,1,1,"January"
1996,10,9,"January"
1996,8,6,"January"
1996,2,2,"January"
1996,5,5,"January"
1996,3,3,"January"
1996,2,2,"January"
1996,5,4,"January"
1996,5,5,"January"
1996,7,6,"January"
1996,6,5,"January"
1996,8,7,"January"
1996,7,7,"January"
1996,7,7,"January"
1996,1,1,"January"
1996,1,1,"January"
1996,2,2,"January"
1996,2,2,"January"
1996,7,6,"January"
1996,10,9,"January"
1996,2,2,"January"
1996,7,6,"January"
1996,4,4,"January"
1996,1,1,"January"
1996,6,5,"January"
1996,3,3,"January"
1996,4,4,"January"
1996,5,5,"January"
1996,2,2,"January"
1996,7,7,"January"
1996,2,2,"January"
1996,2,2,"February"
1996,8,8,"February"
1996,5,4,"February"
1996,10,8,"February"
1996,1,1,"February"
1996,1,1,"February"
1996,6,5,"February"
1996,7,7,"February"
1996,5,5,"February"
1996,7,7,"February"
1996,8,7,"February"
1996,5,5,"February"
1996,3,3,"February"
1996,8,6,"February"
1996,5,5,"February"
1996,10,6,"February"
1996,9,6,"February"
1996,3,3,"February"
1996,3,3,"February"
1996,6,6,"February"
1996,6,6,"February"
1996,5,5,"February"
1996,5,5,"February"
1996,11,8,"February"
1996,8,6,"February"
1996,5,4,"February"
1996,6,6,"February"
1996,7,7,"February"
1996,5,5,"February"
1996,0,0,"March"
1996,6,6,"March"
1996,5,5,"March"
1996,10,8,"March"
1996,5,5,"March"
1996,2,2,"March"
1996,3,2,"March"
1996,5,4,"March"
1996,9,8,"March"
1996,8,8,"March"
1996,6,6,"March"
1996,3,3,"March"
1996,2,2,"March"
1996,3,3,"March"
1996,2,2,"March"
1996,8,7,"March"
1996,4,4,"March"
1996,8,7,"March"
1996,6,6,"March"
1996,4,4,"March"
1996,5,5,"March"
1996,5,5,"March"
1996,10,7,"March"
1996,11,11,"March"
1996,3,3,"March"
1996,0,0,"March"
1996,2,2,"March"
1996,3,3,"March"
1996,8,8,"March"
1996,6,6,"March"
1996,9,8,"March"
1996,5,5,"April"
1996,7,7,"April"
1996,2,2,"April"
1996,8,6,"April"
1996,7,6,"April"
1996,5,5,"April"
1996,4,3,"April"
1996,7,5,"April"
1996,4,4,"April"
1996,6,6,"April"
1996,5,5,"April"
1996,8,6,"April"
1996,11,7,"April"
1996,8,7,"April"
1996,3,3,"April"
1996,4,4,"April"
1996,5,5,"April"
1996,4,4,"April"
1996,3,3,"April"
1996,3,3,"April"
1996,14,9,"April"
1996,2,2,"April"
1996,5,5,"April"
1996,3,3,"April"
1996,6,6,"April"
1996,7,6,"April"
1996,9,9,"April"
1996,3,3,"April"
1996,6,6,"April"
1996,4,4,"April"
1996,13,8,"May"
1996,1,1,"May"
1996,6,6,"May"
1996,9,9,"May"
1996,7,6,"May"
1996,6,5,"May"
1996,8,5,"May"
1996,1,1,"May"
1996,3,3,"May"
1996,10,9,"May"
1996,5,4,"May"
1996,9,8,"May"
1996,4,4,"May"
1996,6,6,"May"
1996,1,1,"May"
1996,2,2,"May"
1996,2,2,"May"
1996,7,7,"May"
1996,7,6,"May"
1996,3,3,"May"
1996,7,7,"May"
1996,3,3,"May"
1996,3,3,"May"
1996,2,2,"May"
1996,3,3,"May"
1996,1,1,"May"
1996,1,1,"May"
1996,4,4,"May"
1996,10,8,"May"
1996,3,3,"May"
1996,7,7,"May"
1996,3,3,"June"
1996,4,4,"June"
1996,1,1,"June"
1996,4,3,"June"
1996,2,2,"June"
1996,5,5,"June"
1996,4,4,"June"
1996,8,8,"June"
1996,6,6,"June"
1996,1,1,"June"
1996,1,1,"June"
1996,5,5,"June"
1996,7,7,"June"
1996,5,5,"June"
1996,7,7,"June"
1996,6,6,"June"
1996,4,4,"June"
1996,10,7,"June"
1996,5,5,"June"
1996,4,4,"June"
1996,3,3,"June"
1996,7,7,"June"
1996,2,2,"June"
1996,3,3,"June"
1996,5,5,"June"
1996,9,7,"June"
1996,8,8,"June"
1996,7,7,"June"
1996,10,10,"June"
1996,14,9,"June"
1996,2,2,"July"
1996,2,2,"July"
1996,3,3,"July"
1996,5,5,"July"
1996,8,8,"July"
1996,8,7,"July"
1996,5,5,"July"
1996,3,3,"July"
1996,2,2,"July"
1996,1,1,"July"
1996,6,6,"July"
1996,9,9,"July"
1996,7,6,"July"
1996,6,5,"July"
1996,3,3,"July"
1996,5,5,"July"
1996,6,4,"July"
1996,4,3,"July"
1996,4,3,"July"
1996,11,10,"July"
1996,6,6,"July"
1996,3,3,"July"
1996,3,3,"July"
1996,1,1,"July"
1996,7,5,"July"
1996,4,4,"July"
1996,8,8,"July"
1996,7,6,"July"
1996,4,4,"July"
1996,8,6,"July"
1996,2,2,"July"
1996,4,4,"August"
1996,8,8,"August"
1996,9,4,"August"
1996,6,6,"August"
1996,8,5,"August"
1996,7,7,"August"
1996,9,7,"August"
1996,7,6,"August"
1996,6,6,"August"
1996,7,7,"August"
1996,11,9,"August"
1996,2,2,"August"
1996,4,4,"August"
1996,3,3,"August"
1996,7,6,"August"
1996,6,5,"August"
1996,5,5,"August"
1996,6,6,"August"
1996,9,7,"August"
1996,7,6,"August"
1996,4,4,"August"
1996,7,6,"August"
1996,3,3,"August"
1996,5,5,"August"
1996,10,10,"August"
1996,3,2,"August"
1996,2,2,"August"
1996,5,4,"August"
1996,6,6,"August"
1996,8,6,"August"
1996,15,9,"August"
1996,5,5,"September"
1996,6,5,"September"
1996,2,2,"September"
1996,6,5,"September"
1996,9,8,"September"
1996,7,7,"September"
1996,6,6,"September"
1996,11,9,"September"
1996,5,5,"September"
1996,3,3,"September"
1996,8,6,"September"
1996,7,6,"September"
1996,6,6,"September"
1996,5,5,"September"
1996,4,4,"September"
1996,3,3,"September"
1996,1,1,"September"
1996,5,4,"September"
1996,8,8,"September"
1996,5,5,"September"
1996,7,5,"September"
1996,14,11,"September"
1996,4,3,"September"
1996,4,3,"September"
1996,6,6,"September"
1996,4,4,"September"
1996,2,2,"September"
1996,9,8,"September"
1996,6,6,"September"
1996,10,6,"September"
1996,7,6,"October"
1996,3,3,"October"
1996,7,7,"October"
1996,1,1,"October"
1996,11,7,"October"
1996,1,1,"October"
1996,7,6,"October"
1996,5,4,"October"
1996,1,1,"October"
1996,3,3,"October"
1996,3,3,"October"
1996,9,6,"October"
1996,11,11,"October"
1996,2,2,"October"
1996,6,5,"October"
1996,4,4,"October"
1996,5,5,"October"
1996,3,2,"October"
1996,5,5,"October"
1996,2,2,"October"
1996,6,4,"October"
1996,2,2,"October"
1996,2,2,"October"
1996,5,5,"October"
1996,11,11,"October"
1996,8,7,"October"
1996,6,6,"October"
1996,9,8,"October"
1996,1,1,"October"
1996,1,1,"October"
1996,1,1,"October"
1996,8,8,"November"
1996,5,5,"November"
1996,5,3,"November"
1996,2,2,"November"
1996,8,8,"November"
1996,3,3,"November"
1996,1,1,"November"
1996,9,9,"November"
1996,8,8,"November"
1996,5,4,"November"
1996,9,6,"November"
1996,4,2,"November"
1996,1,1,"November"
1996,4,4,"November"
1996,6,6,"November"
1996,8,7,"November"
1996,8,7,"November"
1996,1,1,"November"
1996,7,7,"November"
1996,6,5,"November"
1996,7,7,"November"
1996,2,2,"November"
1996,11,10,"November"
1996,3,3,"November"
1996,7,5,"November"
1996,4,4,"November"
1996,8,5,"November"
1996,9,8,"November"
1996,7,6,"November"
1996,5,5,"November"
1996,4,4,"December"
1996,3,3,"December"
1996,1,1,"December"
1996,5,5,"December"
1996,6,4,"December"
1996,7,7,"December"
1996,9,9,"December"
1996,8,8,"December"
1996,6,5,"December"
1996,2,2,"December"
1996,2,2,"December"
1996,9,7,"December"
1996,8,7,"December"
1996,7,7,"December"
1996,8,7,"December"
1996,5,5,"December"
1996,6,5,"December"
1996,4,4,"December"
1996,3,3,"December"
1996,13,11,"December"
1996,7,7,"December"
1996,3,2,"December"
1996,6,6,"December"
1996,6,6,"December"
1996,4,4,"December"
1996,1,1,"December"
1996,7,6,"December"
1996,5,4,"December"
1996,2,2,"December"
1996,1,1,"December"
1996,8,5,"December"
1997,15,12,"January"
1997,3,2,"January"
1997,5,5,"January"
1997,6,5,"January"
1997,5,3,"January"
1997,3,3,"January"
1997,11,7,"January"
1997,2,2,"January"
1997,3,3,"January"
1997,5,5,"January"
1997,13,11,"January"
1997,8,6,"January"
1997,7,7,"January"
1997,8,5,"January"
1997,4,3,"January"
1997,5,5,"January"
1997,4,4,"January"
1997,7,7,"January"
1997,1,1,"January"
1997,3,2,"January"
1997,2,2,"January"
1997,3,3,"January"
1997,2,2,"January"
1997,6,6,"January"
1997,11,11,"January"
1997,4,4,"January"
1997,3,3,"January"
1997,6,5,"January"
1997,9,9,"January"
1997,6,6,"January"
1997,1,1,"January"
1997,4,4,"February"
1997,10,9,"February"
1997,1,1,"February"
1997,6,5,"February"
1997,3,3,"February"
1997,4,4,"February"
1997,9,7,"February"
1997,8,8,"February"
1997,3,3,"February"
1997,6,6,"February"
1997,6,6,"February"
1997,5,5,"February"
1997,3,3,"February"
1997,5,5,"February"
1997,4,4,"February"
1997,3,3,"February"
1997,3,3,"February"
1997,7,6,"February"
1997,7,6,"February"
1997,1,1,"February"
1997,7,7,"February"
1997,7,7,"February"
1997,4,3,"February"
1997,3,3,"February"
1997,2,2,"February"
1997,3,3,"February"
1997,5,5,"February"
1997,6,5,"February"
1997,7,7,"March"
1997,6,6,"March"
1997,4,4,"March"
1997,1,1,"March"
1997,6,5,"March"
1997,3,2,"March"
1997,6,6,"March"
1997,12,10,"March"
1997,3,3,"March"
1997,3,1,"March"
1997,7,6,"March"
1997,3,3,"March"
1997,2,2,"March"
1997,4,3,"March"
1997,5,5,"March"
1997,8,7,"March"
1997,6,5,"March"
1997,6,4,"March"
1997,4,4,"March"
1997,5,4,"March"
1997,6,6,"March"
1997,4,4,"March"
1997,1,1,"March"
1997,5,5,"March"
1997,3,3,"March"
1997,4,4,"March"
1997,5,4,"March"
1997,3,3,"March"
1997,4,4,"March"
1997,3,3,"March"
1997,1,1,"March"
1997,4,3,"April"
1997,4,4,"April"
1997,1,1,"April"
1997,5,5,"April"
1997,3,2,"April"
1997,3,3,"April"
1997,6,6,"April"
1997,4,4,"April"
1997,4,4,"April"
1997,8,7,"April"
1997,6,6,"April"
1997,8,6,"April"
1997,7,7,"April"
1997,3,3,"April"
1997,4,4,"April"
1997,4,4,"April"
1997,4,4,"April"
1997,5,5,"April"
1997,6,6,"April"
1997,4,3,"April"
1997,3,3,"April"
1997,2,2,"April"
1997,2,2,"April"
1997,4,4,"April"
1997,7,6,"April"
1997,8,7,"April"
1997,4,4,"April"
1997,1,1,"April"
1997,6,6,"April"
1997,4,4,"April"
1997,1,1,"May"
1997,12,10,"May"
1997,8,8,"May"
1997,7,7,"May"
1997,1,1,"May"
1997,3,3,"May"
1997,6,6,"May"
1997,8,6,"May"
1997,5,5,"May"
1997,11,10,"May"
1997,6,6,"May"
1997,1,1,"May"
1997,2,1,"May"
1997,1,1,"May"
1997,5,5,"May"
1997,6,6,"May"
1997,6,5,"May"
1997,3,3,"May"
1997,5,5,"May"
1997,6,5,"May"
1997,3,3,"May"
1997,3,3,"May"
1997,4,4,"May"
1997,9,8,"May"
1997,4,4,"May"
1997,5,5,"May"
1997,4,3,"May"
1997,6,5,"May"
1997,6,6,"May"
1997,9,9,"May"
1997,8,7,"May"
1997,4,4,"June"
1997,2,2,"June"
1997,1,1,"June"
1997,4,4,"June"
1997,5,5,"June"
1997,1,1,"June"
1997,6,3,"June"
1997,4,3,"June"
1997,0,0,"June"
1997,3,3,"June"
1997,1,1,"June"
1997,2,2,"June"
1997,7,7,"June"
1997,4,4,"June"
1997,3,3,"June"
1997,2,2,"June"
1997,3,3,"June"
1997,3,3,"June"
1997,6,6,"June"
1997,5,4,"June"
1997,2,2,"June"
1997,3,3,"June"
1997,3,3,"June"
1997,3,3,"June"
1997,3,3,"June"
1997,6,6,"June"
1997,9,6,"June"
1997,7,7,"June"
1997,10,9,"June"
1997,2,2,"June"
1997,3,3,"July"
1997,2,2,"July"
1997,6,6,"July"
1997,10,10,"July"
1997,6,5,"July"
1997,9,9,"July"
1997,3,3,"July"
1997,4,4,"July"
1997,4,4,"July"
1997,9,7,"July"
1997,1,1,"July"
1997,7,5,"July"
1997,3,3,"July"
1997,4,4,"July"
1997,5,5,"July"
1997,1,1,"July"
1997,6,6,"July"
1997,9,9,"July"
1997,6,6,"July"
1997,5,3,"July"
1997,8,6,"July"
1997,4,4,"July"
1997,8,8,"July"
1997,7,7,"July"
1997,2,2,"July"
1997,6,5,"July"
1997,2,2,"July"
1997,3,3,"July"
1997,2,2,"July"
1997,5,5,"July"
1997,5,5,"July"
1997,8,7,"August"
1997,6,5,"August"
1997,5,4,"August"
1997,4,4,"August"
1997,3,3,"August"
1997,3,3,"August"
1997,4,3,"August"
1997,3,3,"August"
1997,15,12,"August"
1997,6,4,"August"
1997,2,2,"August"
1997,6,4,"August"
1997,4,3,"August"
1997,4,4,"August"
1997,3,3,"August"
1997,7,5,"August"
1997,4,3,"August"
1997,3,3,"August"
1997,7,3,"August"
1997,5,4,"August"
1997,4,4,"August"
1997,4,4,"August"
1997,4,4,"August"
1997,6,6,"August"
1997,8,7,"August"
1997,5,5,"August"
1997,6,6,"August"
1997,4,2,"August"
1997,5,5,"August"
1997,6,6,"August"
1997,4,4,"August"
1997,5,4,"September"
1997,4,4,"September"
1997,1,1,"September"
1997,7,7,"September"
1997,6,6,"September"
1997,1,1,"September"
1997,7,6,"September"
1997,3,3,"September"
1997,5,5,"September"
1997,7,5,"September"
1997,3,3,"September"
1997,2,1,"September"
1997,1,1,"September"
1997,10,9,"September"
1997,1,1,"September"
1997,1,1,"September"
1997,7,4,"September"
1997,6,6,"September"
1997,6,5,"September"
1997,9,7,"September"
1997,2,2,"September"
1997,3,3,"September"
1997,2,2,"September"
1997,3,3,"September"
1997,5,4,"September"
1997,3,3,"September"
1997,6,6,"September"
1997,6,3,"September"
1997,3,3,"September"
1997,2,2,"September"
1997,3,3,"October"
1997,8,6,"October"
1997,6,6,"October"
1997,3,3,"October"
1997,3,3,"October"
1997,2,2,"October"
1997,2,2,"October"
1997,6,6,"October"
1997,3,3,"October"
1997,1,1,"October"
1997,11,8,"October"
1997,4,4,"October"
1997,6,5,"October"
1997,7,7,"October"
1997,9,7,"October"
1997,4,4,"October"
1997,2,2,"October"
1997,7,7,"October"
1997,5,4,"October"
1997,0,0,"October"
1997,4,4,"October"
1997,3,3,"October"
1997,6,6,"October"
1997,5,5,"October"
1997,8,8,"October"
1997,4,4,"October"
1997,7,4,"October"
1997,5,5,"October"
1997,6,5,"October"
1997,2,2,"October"
1997,7,7,"October"
1997,7,7,"November"
1997,6,5,"November"
1997,4,3,"November"
1997,2,2,"November"
1997,2,2,"November"
1997,3,2,"November"
1997,3,3,"November"
1997,4,4,"November"
1997,3,3,"November"
1997,5,5,"November"
1997,9,8,"November"
1997,0,0,"November"
1997,6,6,"November"
1997,11,8,"November"
1997,7,6,"November"
1997,8,6,"November"
1997,4,3,"November"
1997,1,1,"November"
1997,6,5,"November"
1997,4,4,"November"
1997,5,5,"November"
1997,14,14,"November"
1997,6,6,"November"
1997,1,1,"November"
1997,2,2,"November"
1997,10,7,"November"
1997,8,7,"November"
1997,6,6,"November"
1997,6,5,"November"
1997,8,8,"November"
1997,0,0,"December"
1997,7,7,"December"
1997,7,6,"December"
1997,3,3,"December"
1997,6,6,"December"
1997,8,8,"December"
1997,3,3,"December"
1997,2,1,"December"
1997,4,4,"December"
1997,4,4,"December"
1997,2,2,"December"
1997,8,8,"December"
1997,10,8,"December"
1997,6,6,"December"
1997,4,4,"December"
1997,4,3,"December"
1997,4,4,"December"
1997,7,6,"December"
1997,5,5,"December"
1997,7,7,"December"
1997,4,2,"December"
1997,8,7,"December"
1997,5,5,"December"
1997,8,7,"December"
1997,9,7,"December"
1997,1,1,"December"
1997,5,4,"December"
1997,9,7,"December"
1997,1,1,"December"
1997,5,5,"December"
1997,3,3,"December"
1998,6,5,"January"
1998,6,6,"January"
1998,7,7,"January"
1998,1,1,"January"
1998,3,3,"January"
1998,3,3,"January"
1998,5,3,"January"
1998,4,4,"January"
1998,0,0,"January"
1998,6,4,"January"
1998,6,5,"January"
1998,7,5,"January"
1998,3,3,"January"
1998,2,2,"January"
1998,0,0,"January"
1998,5,3,"January"
1998,5,2,"January"
1998,6,5,"January"
1998,2,2,"January"
1998,3,2,"January"
1998,5,5,"January"
1998,0,0,"January"
1998,2,2,"January"
1998,5,5,"January"
1998,14,9,"January"
1998,7,6,"January"
1998,7,7,"January"
1998,2,2,"January"
1998,1,1,"January"
1998,6,3,"January"
1998,4,4,"January"
1998,4,2,"February"
1998,3,3,"February"
1998,6,6,"February"
1998,6,5,"February"
1998,5,5,"February"
1998,5,5,"February"
1998,10,8,"February"
1998,5,2,"February"
1998,7,7,"February"
1998,5,5,"February"
1998,3,3,"February"
1998,4,4,"February"
1998,4,4,"February"
1998,2,2,"February"
1998,6,6,"February"
1998,1,1,"February"
1998,5,5,"February"
1998,3,2,"February"
1998,5,5,"February"
1998,9,6,"February"
1998,11,11,"February"
1998,8,7,"February"
1998,5,3,"February"
1998,5,5,"February"
1998,4,4,"February"
1998,1,1,"February"
1998,2,2,"February"
1998,4,4,"February"
1998,11,9,"March"
1998,2,2,"March"
1998,3,3,"March"
1998,5,5,"March"
1998,3,3,"March"
1998,2,2,"March"
1998,4,4,"March"
1998,2,2,"March"
1998,2,2,"March"
1998,5,3,"March"
1998,3,3,"March"
1998,6,6,"March"
1998,5,4,"March"
1998,6,6,"March"
1998,8,7,"March"
1998,2,2,"March"
1998,6,6,"March"
1998,9,8,"March"
1998,5,5,"March"
1998,5,5,"March"
1998,11,10,"March"
1998,8,6,"March"
1998,1,1,"March"
1998,3,3,"March"
1998,5,5,"March"
1998,2,2,"March"
1998,2,2,"March"
1998,4,4,"March"
1998,13,11,"March"
1998,8,8,"March"
1998,5,3,"March"
1998,2,2,"April"
1998,1,1,"April"
1998,7,7,"April"
1998,6,6,"April"
1998,5,5,"April"
1998,2,2,"April"
1998,8,5,"April"
1998,5,5,"April"
1998,4,4,"April"
1998,2,2,"April"
1998,1,1,"April"
1998,7,7,"April"
1998,1,1,"April"
1998,5,5,"April"
1998,2,2,"April"
1998,7,5,"April"
1998,7,6,"April"
1998,8,8,"April"
1998,4,4,"April"
1998,3,3,"April"
1998,4,4,"April"
1998,8,6,"April"
1998,8,7,"April"
1998,11,10,"April"
1998,7,6,"April"
1998,4,3,"April"
1998,11,10,"April"
1998,2,2,"April"
1998,3,3,"April"
1998,4,4,"April"
1998,8,8,"May"
1998,5,5,"May"
1998,7,7,"May"
1998,3,3,"May"
1998,2,2,"May"
1998,8,8,"May"
1998,1,1,"May"
1998,10,9,"May"
1998,8,7,"May"
1998,5,5,"May"
1998,8,7,"May"
1998,6,5,"May"
1998,2,2,"May"
1998,8,6,"May"
1998,3,3,"May"
1998,3,3,"May"
1998,3,3,"May"
1998,4,4,"May"
1998,3,3,"May"
1998,3,3,"May"
1998,1,1,"May"
1998,6,5,"May"
1998,4,4,"May"
1998,6,6,"May"
1998,4,4,"May"
1998,8,7,"May"
1998,3,3,"May"
1998,4,4,"May"
1998,3,3,"May"
1998,7,7,"May"
1998,2,1,"May"
1998,4,4,"June"
1998,4,4,"June"
1998,5,5,"June"
1998,3,3,"June"
1998,7,6,"June"
1998,7,5,"June"
1998,3,2,"June"
1998,3,3,"June"
1998,7,7,"June"
1998,3,3,"June"
1998,3,3,"June"
1998,5,4,"June"
1998,5,5,"June"
1998,4,4,"June"
1998,4,3,"June"
1998,4,4,"June"
1998,8,6,"June"
1998,2,2,"June"
1998,6,6,"June"
1998,4,3,"June"
1998,5,5,"June"
1998,3,2,"June"
1998,7,6,"June"
1998,3,2,"June"
1998,4,4,"June"
1998,5,5,"June"
1998,2,2,"June"
1998,6,5,"June"
1998,3,3,"June"
1998,5,4,"June"
1998,6,4,"July"
1998,6,6,"July"
1998,6,6,"July"
1998,5,5,"July"
1998,2,2,"July"
1998,9,6,"July"
1998,0,0,"July"
1998,5,5,"July"
1998,4,4,"July"
1998,8,6,"July"
1998,8,7,"July"
1998,9,7,"July"
1998,5,5,"July"
1998,4,3,"July"
1998,2,2,"July"
1998,5,5,"July"
1998,1,1,"July"
1998,4,4,"July"
1998,7,6,"July"
1998,3,3,"July"
1998,2,2,"July"
1998,3,3,"July"
1998,10,9,"July"
1998,8,7,"July"
1998,4,4,"July"
1998,8,6,"July"
1998,6,6,"July"
1998,4,4,"July"
1998,1,1,"July"
1998,7,6,"July"
1998,4,4,"July"
1998,6,6,"August"
1998,7,7,"August"
1998,5,5,"August"
1998,3,3,"August"
1998,3,3,"August"
1998,4,4,"August"
1998,15,11,"August"
1998,8,7,"August"
1998,7,6,"August"
1998,1,1,"August"
1998,4,4,"August"
1998,1,1,"August"
1998,5,5,"August"
1998,7,6,"August"
1998,5,5,"August"
1998,1,1,"August"
1998,7,6,"August"
1998,2,2,"August"
1998,3,3,"August"
1998,5,5,"August"
1998,3,2,"August"
1998,9,6,"August"
1998,2,2,"August"
1998,4,3,"August"
1998,0,0,"August"
1998,2,2,"August"
1998,6,6,"August"
1998,5,4,"August"
1998,4,4,"August"
1998,3,3,"August"
1998,2,2,"August"
1998,5,5,"September"
1998,2,2,"September"
1998,5,5,"September"
1998,4,4,"September"
1998,5,4,"September"
1998,4,4,"September"
1998,5,4,"September"
1998,2,2,"September"
1998,5,3,"September"
1998,4,4,"September"
1998,6,5,"September"
1998,11,9,"September"
1998,4,3,"September"
1998,4,4,"September"
1998,2,2,"September"
1998,1,1,"September"
1998,3,3,"September"
1998,9,9,"September"
1998,8,7,"September"
1998,2,2,"September"
1998,8,6,"September"
1998,4,4,"September"
1998,7,7,"September"
1998,4,4,"September"
1998,5,4,"September"
1998,5,4,"September"
1998,7,5,"September"
1998,2,2,"September"
1998,4,2,"September"
1998,5,5,"September"
1998,5,4,"October"
1998,2,2,"October"
1998,13,11,"October"
1998,5,5,"October"
1998,6,6,"October"
1998,4,4,"October"
1998,10,8,"October"
1998,4,4,"October"
1998,4,4,"October"
1998,6,6,"October"
1998,7,6,"October"
1998,3,3,"October"
1998,2,2,"October"
1998,2,2,"October"
1998,2,2,"October"
1998,5,4,"October"
1998,6,6,"October"
1998,4,4,"October"
1998,3,3,"October"
1998,4,4,"October"
1998,4,4,"October"
1998,3,3,"October"
1998,0,0,"October"
1998,7,5,"October"
1998,6,4,"October"
1998,3,3,"October"
1998,8,7,"October"
1998,8,7,"October"
1998,1,1,"October"
1998,3,3,"October"
1998,10,9,"October"
1998,6,6,"November"
1998,8,7,"November"
1998,7,6,"November"
1998,5,5,"November"
1998,2,2,"November"
1998,4,4,"November"
1998,9,7,"November"
1998,3,3,"November"
1998,6,5,"November"
1998,2,2,"November"
1998,7,6,"November"
1998,4,3,"November"
1998,7,7,"November"
1998,3,3,"November"
1998,6,6,"November"
1998,4,3,"November"
1998,6,4,"November"
1998,3,3,"November"
1998,3,3,"November"
1998,3,3,"November"
1998,10,7,"November"
1998,5,5,"November"
1998,9,4,"November"
1998,4,4,"November"
1998,4,4,"November"
1998,2,2,"November"
1998,5,5,"November"
1998,7,6,"November"
1998,5,5,"November"
1998,4,4,"November"
1998,2,2,"December"
1998,3,3,"December"
1998,5,5,"December"
1998,6,5,"December"
1998,6,6,"December"
1998,1,1,"December"
1998,3,3,"December"
1998,7,6,"December"
1998,7,7,"December"
1998,3,2,"December"
1998,5,5,"December"
1998,6,5,"December"
1998,7,6,"December"
1998,9,7,"December"
1998,5,5,"December"
1998,4,4,"December"
1998,6,6,"December"
1998,8,8,"December"
1998,2,2,"December"
1998,6,6,"December"
1998,2,2,"December"
1998,4,4,"December"
1998,6,5,"December"
1998,8,7,"December"
1998,3,3,"December"
1998,10,8,"December"
1998,7,7,"December"
1998,7,6,"December"
1998,1,1,"December"
1998,3,3,"December"
1998,5,5,"December"
1999,1,1,"January"
1999,6,5,"January"
1999,4,4,"January"
1999,4,3,"January"
1999,1,1,"January"
1999,0,0,"January"
1999,6,5,"January"
1999,3,3,"January"
1999,2,2,"January"
1999,10,8,"January"
1999,6,6,"January"
1999,2,2,"January"
1999,1,1,"January"
1999,7,7,"January"
1999,4,3,"January"
1999,5,5,"January"
1999,4,3,"January"
1999,2,2,"January"
1999,2,2,"January"
1999,2,2,"January"
1999,11,9,"January"
1999,9,7,"January"
1999,6,4,"January"
1999,7,6,"January"
1999,9,8,"January"
1999,7,7,"January"
1999,3,3,"January"
1999,4,4,"January"
1999,9,8,"January"
1999,10,9,"January"
1999,6,4,"January"
1999,6,6,"February"
1999,6,6,"February"
1999,3,3,"February"
1999,2,1,"February"
1999,4,3,"February"
1999,4,4,"February"
1999,4,4,"February"
1999,7,5,"February"
1999,5,5,"February"
1999,5,4,"February"
1999,2,2,"February"
1999,5,4,"February"
1999,6,6,"February"
1999,2,2,"February"
1999,2,2,"February"
1999,4,4,"February"
1999,2,2,"February"
1999,4,3,"February"
1999,5,5,"February"
1999,7,7,"February"
1999,7,4,"February"
1999,3,3,"February"
1999,4,4,"February"
1999,5,5,"February"
1999,4,4,"February"
1999,6,5,"February"
1999,6,4,"February"
1999,6,5,"February"
1999,4,4,"March"
1999,4,4,"March"
1999,5,4,"March"
1999,2,2,"March"
1999,7,6,"March"
1999,4,4,"March"
1999,11,9,"March"
1999,2,1,"March"
1999,6,4,"March"
1999,2,1,"March"
1999,9,7,"March"
1999,5,5,"March"
1999,11,9,"March"
1999,4,4,"March"
1999,4,4,"March"
1999,3,3,"March"
1999,3,3,"March"
1999,4,2,"March"
1999,11,11,"March"
1999,8,8,"March"
1999,2,2,"March"
1999,2,2,"March"
1999,2,2,"March"
1999,2,2,"March"
1999,4,3,"March"
1999,14,12,"March"
1999,8,8,"March"
1999,8,8,"March"
1999,1,1,"March"
1999,0,0,"March"
1999,3,3,"March"
1999,11,9,"April"
1999,4,4,"April"
1999,0,0,"April"
1999,1,1,"April"
1999,6,6,"April"
1999,3,3,"April"
1999,3,3,"April"
1999,3,3,"April"
1999,6,5,"April"
1999,2,2,"April"
1999,7,5,"April"
1999,2,2,"April"
1999,7,4,"April"
1999,7,7,"April"
1999,5,5,"April"
1999,3,3,"April"
1999,6,5,"April"
1999,6,6,"April"
1999,5,4,"April"
1999,4,4,"April"
1999,2,2,"April"
1999,7,5,"April"
1999,12,9,"April"
1999,4,4,"April"
1999,5,5,"April"
1999,7,4,"April"
1999,6,5,"April"
1999,6,6,"April"
1999,5,5,"April"
1999,9,9,"April"
1999,3,3,"May"
1999,6,6,"May"
1999,3,3,"May"
1999,9,9,"May"
1999,4,4,"May"
1999,4,4,"May"
1999,1,1,"May"
1999,2,2,"May"
1999,5,5,"May"
1999,4,4,"May"
1999,9,7,"May"
1999,2,2,"May"
1999,8,8,"May"
1999,6,6,"May"
1999,4,3,"May"
1999,4,3,"May"
1999,5,5,"May"
1999,4,4,"May"
1999,6,3,"May"
1999,6,6,"May"
1999,6,6,"May"
1999,6,6,"May"
1999,6,6,"May"
1999,4,4,"May"
1999,12,9,"May"
1999,6,6,"May"
1999,5,5,"May"
1999,5,5,"May"
1999,4,4,"May"
1999,5,3,"May"
1999,3,3,"May"
1999,3,3,"June"
1999,2,1,"June"
1999,3,3,"June"
1999,10,8,"June"
1999,3,3,"June"
1999,10,8,"June"
1999,4,4,"June"
1999,3,3,"June"
1999,4,4,"June"
1999,0,0,"June"
1999,4,4,"June"
1999,4,4,"June"
1999,2,1,"June"
1999,4,4,"June"
1999,7,6,"June"
1999,2,2,"June"
1999,3,3,"June"
1999,9,6,"June"
1999,2,2,"June"
1999,3,2,"June"
1999,5,4,"June"
1999,3,2,"June"
1999,2,2,"June"
1999,4,4,"June"
1999,10,10,"June"
1999,7,7,"June"
1999,6,6,"June"
1999,6,5,"June"
1999,2,2,"June"
1999,5,5,"June"
1999,4,3,"July"
1999,3,3,"July"
1999,4,4,"July"
1999,6,6,"July"
1999,0,0,"July"
1999,3,3,"July"
1999,7,6,"July"
1999,6,5,"July"
1999,2,2,"July"
1999,5,4,"July"
1999,10,8,"July"
1999,5,4,"July"
1999,3,3,"July"
1999,2,2,"July"
1999,2,2,"July"
1999,2,2,"July"
1999,9,9,"July"
1999,8,5,"July"
1999,3,3,"July"
1999,8,5,"July"
1999,6,5,"July"
1999,4,4,"July"
1999,3,3,"July"
1999,7,5,"July"
1999,3,3,"July"
1999,1,1,"July"
1999,5,4,"July"
1999,1,1,"July"
1999,4,4,"July"
1999,6,6,"July"
1999,6,6,"July"
1999,8,5,"August"
1999,7,6,"August"
1999,2,2,"August"
1999,1,1,"August"
1999,4,4,"August"
1999,3,3,"August"
1999,4,4,"August"
1999,6,5,"August"
1999,1,1,"August"
1999,2,2,"August"
1999,8,7,"August"
1999,5,5,"August"
1999,12,7,"August"
1999,5,4,"August"
1999,7,6,"August"
1999,3,3,"August"
1999,5,3,"August"
1999,4,4,"August"
1999,5,5,"August"
1999,6,6,"August"
1999,2,2,"August"
1999,14,7,"August"
1999,2,2,"August"
1999,2,2,"August"
1999,3,3,"August"
1999,0,0,"August"
1999,3,2,"August"
1999,5,3,"August"
1999,3,3,"August"
1999,2,2,"August"
1999,1,1,"August"
1999,6,6,"September"
1999,6,6,"September"
1999,8,8,"September"
1999,10,9,"September"
1999,3,3,"September"
1999,4,4,"September"
1999,3,3,"September"
1999,3,3,"September"
1999,0,0,"September"
1999,5,5,"September"
1999,8,7,"September"
1999,3,3,"September"
1999,3,3,"September"
1999,5,3,"September"
1999,2,2,"September"
1999,3,2,"September"
1999,9,9,"September"
1999,8,6,"September"
1999,10,6,"September"
1999,3,3,"September"
1999,0,0,"September"
1999,9,7,"September"
1999,6,5,"September"
1999,4,3,"September"
1999,11,8,"September"
1999,8,7,"September"
1999,5,5,"September"
1999,1,1,"September"
1999,1,1,"September"
1999,10,7,"September"
1999,5,4,"October"
1999,7,7,"October"
1999,4,4,"October"
1999,9,7,"October"
1999,3,3,"October"
1999,3,3,"October"
1999,2,2,"October"
1999,6,6,"October"
1999,7,5,"October"
1999,9,9,"October"
1999,4,3,"October"
1999,7,7,"October"
1999,8,7,"October"
1999,6,4,"October"
1999,6,5,"October"
1999,4,3,"October"
1999,4,3,"October"
1999,0,0,"October"
1999,4,4,"October"
1999,3,2,"October"
1999,4,4,"October"
1999,5,5,"October"
1999,10,10,"October"
1999,4,4,"October"
1999,4,4,"October"
1999,0,0,"October"
1999,4,3,"October"
1999,2,2,"October"
1999,8,6,"October"
1999,7,7,"October"
1999,5,5,"October"
1999,3,3,"November"
1999,3,3,"November"
1999,3,3,"November"
1999,5,5,"November"
1999,2,2,"November"
1999,7,7,"November"
1999,12,7,"November"
1999,5,4,"November"
1999,2,2,"November"
1999,2,2,"November"
1999,5,5,"November"
1999,8,7,"November"
1999,6,6,"November"
1999,9,7,"November"
1999,1,1,"November"
1999,8,8,"November"
1999,4,3,"November"
1999,4,4,"November"
1999,8,8,"November"
1999,11,11,"November"
1999,11,8,"November"
1999,3,2,"November"
1999,1,1,"November"
1999,6,6,"November"
1999,8,8,"November"
1999,5,5,"November"
1999,5,4,"November"
1999,3,3,"November"
1999,2,2,"November"
1999,2,2,"November"
1999,3,3,"December"
1999,1,1,"December"
1999,6,6,"December"
1999,5,5,"December"
1999,3,2,"December"
1999,6,6,"December"
1999,5,3,"December"
1999,3,3,"December"
1999,4,4,"December"
1999,3,2,"December"
1999,7,5,"December"
1999,2,2,"December"
1999,5,5,"December"
1999,4,4,"December"
1999,8,7,"December"
1999,2,2,"December"
1999,3,3,"December"
1999,7,6,"December"
1999,4,4,"December"
1999,6,5,"December"
1999,1,1,"December"
1999,2,2,"December"
1999,12,8,"December"
1999,3,3,"December"
1999,3,3,"December"
1999,7,7,"December"
1999,5,5,"December"
1999,6,5,"December"
1999,8,4,"December"
1999,7,6,"December"
1999,8,6,"December"
2000,6,6,"January"
2000,3,3,"January"
2000,4,4,"January"
2000,3,3,"January"
2000,6,6,"January"
2000,3,3,"January"
2000,3,3,"January"
2000,6,4,"January"
2000,10,7,"January"
2000,5,5,"January"
2000,5,4,"January"
2000,3,2,"January"
2000,9,9,"January"
2000,10,9,"January"
2000,2,2,"January"
2000,4,4,"January"
2000,2,2,"January"
2000,9,9,"January"
2000,5,5,"January"
2000,6,5,"January"
2000,10,9,"January"
2000,8,7,"January"
2000,4,3,"January"
2000,1,1,"January"
2000,0,0,"January"
2000,7,5,"January"
2000,3,3,"January"
2000,1,1,"January"
2000,3,3,"January"
2000,2,2,"January"
2000,3,3,"January"
2000,1,1,"February"
2000,6,6,"February"
2000,7,6,"February"
2000,3,3,"February"
2000,5,4,"February"
2000,3,3,"February"
2000,4,3,"February"
2000,3,3,"February"
2000,6,6,"February"
2000,2,2,"February"
2000,4,4,"February"
2000,6,5,"February"
2000,5,3,"February"
2000,4,4,"February"
2000,0,0,"February"
2000,2,2,"February"
2000,4,4,"February"
2000,14,9,"February"
2000,3,3,"February"
2000,4,4,"February"
2000,2,1,"February"
2000,7,6,"February"
2000,4,4,"February"
2000,4,3,"February"
2000,5,4,"February"
2000,6,6,"February"
2000,5,5,"February"
2000,3,3,"February"
2000,3,3,"February"
2000,3,3,"March"
2000,8,8,"March"
2000,6,6,"March"
2000,4,4,"March"
2000,6,5,"March"
2000,0,0,"March"
2000,5,5,"March"
2000,6,6,"March"
2000,7,6,"March"
2000,4,4,"March"
2000,3,3,"March"
2000,6,5,"March"
2000,4,4,"March"
2000,7,6,"March"
2000,2,2,"March"
2000,5,5,"March"
2000,8,6,"March"
2000,6,6,"March"
2000,11,6,"March"
2000,7,6,"March"
2000,5,3,"March"
2000,3,3,"March"
2000,4,3,"March"
2000,10,8,"March"
2000,9,8,"March"
2000,4,4,"March"
2000,2,2,"March"
2000,6,6,"March"
2000,3,3,"March"
2000,6,6,"March"
2000,7,6,"March"
2000,7,7,"April"
2000,6,6,"April"
2000,4,4,"April"
2000,1,1,"April"
2000,3,3,"April"
2000,3,2,"April"
2000,3,3,"April"
2000,8,7,"April"
2000,8,8,"April"
2000,5,3,"April"
2000,10,9,"April"
2000,2,2,"April"
2000,6,6,"April"
2000,5,5,"April"
2000,4,4,"April"
2000,5,4,"April"
2000,3,3,"April"
2000,3,3,"April"
2000,8,8,"April"
2000,8,7,"April"
2000,7,6,"April"
2000,5,5,"April"
2000,4,3,"April"
2000,4,4,"April"
2000,4,4,"April"
2000,4,4,"April"
2000,9,6,"April"
2000,5,5,"April"
2000,3,3,"April"
2000,0,0,"April"
2000,6,6,"May"
2000,2,2,"May"
2000,6,6,"May"
2000,10,9,"May"
2000,8,7,"May"
2000,5,5,"May"
2000,7,6,"May"
2000,2,2,"May"
2000,8,6,"May"
2000,7,7,"May"
2000,4,4,"May"
2000,7,6,"May"
2000,4,4,"May"
2000,4,4,"May"
2000,4,4,"May"
2000,5,4,"May"
2000,6,5,"May"
2000,4,3,"May"
2000,6,6,"May"
2000,9,8,"May"
2000,3,3,"May"
2000,0,0,"May"
2000,3,3,"May"
2000,8,8,"May"
2000,5,5,"May"
2000,4,4,"May"
2000,7,7,"May"
2000,9,8,"May"
2000,6,6,"May"
2000,3,3,"May"
2000,3,3,"May"
2000,2,2,"June"
2000,8,8,"June"
2000,5,5,"June"
2000,9,8,"June"
2000,7,5,"June"
2000,7,5,"June"
2000,5,5,"June"
2000,3,3,"June"
2000,8,8,"June"
2000,2,2,"June"
2000,4,4,"June"
2000,2,2,"June"
2000,3,3,"June"
2000,1,1,"June"
2000,3,3,"June"
2000,9,7,"June"
2000,7,7,"June"
2000,2,2,"June"
2000,1,1,"June"
2000,5,5,"June"
2000,6,6,"June"
2000,10,7,"June"
2000,9,9,"June"
2000,4,3,"June"
2000,5,5,"June"
2000,3,2,"June"
2000,4,4,"June"
2000,2,2,"June"
2000,3,3,"June"
2000,8,8,"June"
2000,4,3,"July"
2000,3,3,"July"
2000,2,2,"July"
2000,8,5,"July"
2000,1,1,"July"
2000,10,8,"July"
2000,11,10,"July"
2000,11,9,"July"
2000,2,2,"July"
2000,7,6,"July"
2000,4,3,"July"
2000,3,2,"July"
2000,3,3,"July"
2000,5,2,"July"
2000,6,5,"July"
2000,11,7,"July"
2000,3,3,"July"
2000,6,6,"July"
2000,1,1,"July"
2000,6,6,"July"
2000,6,6,"July"
2000,7,6,"July"
2000,8,7,"July"
2000,3,3,"July"
2000,0,0,"July"
2000,5,4,"July"
2000,1,1,"July"
2000,5,4,"July"
2000,11,11,"July"
2000,5,5,"July"
2000,8,5,"July"
2000,3,3,"August"
2000,7,7,"August"
2000,5,5,"August"
2000,2,2,"August"
2000,3,3,"August"
2000,2,2,"August"
2000,2,2,"August"
2000,1,1,"August"
2000,6,5,"August"
2000,3,3,"August"
2000,1,1,"August"
2000,4,4,"August"
2000,7,6,"August"
2000,12,8,"August"
2000,6,4,"August"
2000,4,3,"August"
2000,3,3,"August"
2000,7,5,"August"
2000,7,7,"August"
2000,4,4,"August"
2000,5,5,"August"
2000,4,4,"August"
2000,1,1,"August"
2000,5,5,"August"
2000,2,2,"August"
2000,3,3,"August"
2000,7,5,"August"
2000,2,2,"August"
2000,1,1,"August"
2000,4,3,"August"
2000,3,3,"August"
2000,5,5,"September"
2000,4,4,"September"
2000,0,0,"September"
2000,5,4,"September"
2000,2,2,"September"
2000,4,4,"September"
2000,5,5,"September"
2000,6,4,"September"
2000,9,8,"September"
2000,11,8,"September"
2000,4,4,"September"
2000,5,5,"September"
2000,3,2,"September"
2000,7,7,"September"
2000,7,5,"September"
2000,6,6,"September"
2000,6,5,"September"
2000,6,6,"September"
2000,4,4,"September"
2000,7,7,"September"
2000,11,10,"September"
2000,5,3,"September"
2000,9,8,"September"
2000,2,2,"September"
2000,4,4,"September"
2000,3,3,"September"
2000,1,1,"September"
2000,6,6,"September"
2000,6,5,"September"
2000,8,7,"September"
2000,6,6,"October"
2000,4,4,"October"
2000,4,2,"October"
2000,2,2,"October"
2000,4,4,"October"
2000,7,5,"October"
2000,4,2,"October"
2000,0,0,"October"
2000,6,5,"October"
2000,2,2,"October"
2000,2,2,"October"
2000,7,7,"October"
2000,3,2,"October"
2000,7,6,"October"
2000,6,6,"October"
2000,7,7,"October"
2000,6,6,"October"
2000,6,5,"October"
2000,6,3,"October"
2000,8,7,"October"
2000,4,4,"October"
2000,8,8,"October"
2000,7,6,"October"
2000,5,5,"October"
2000,5,4,"October"
2000,0,0,"October"
2000,4,4,"October"
2000,4,3,"October"
2000,11,11,"October"
2000,0,0,"October"
2000,2,1,"October"
2000,5,5,"November"
2000,4,4,"November"
2000,3,3,"November"
2000,7,2,"November"
2000,5,5,"November"
2000,4,4,"November"
2000,4,4,"November"
2000,6,6,"November"
2000,2,2,"November"
2000,7,5,"November"
2000,8,7,"November"
2000,8,8,"November"
2000,6,6,"November"
2000,3,3,"November"
2000,4,4,"November"
2000,6,4,"November"
2000,8,7,"November"
2000,6,5,"November"
2000,6,5,"November"
2000,3,2,"November"
2000,8,7,"November"
2000,5,4,"November"
2000,6,6,"November"
2000,6,6,"November"
2000,10,9,"November"
2000,1,1,"November"
2000,6,4,"November"
2000,3,2,"November"
2000,1,1,"November"
2000,5,5,"November"
2000,3,3,"December"
2000,10,10,"December"
2000,4,4,"December"
2000,3,3,"December"
2000,1,1,"December"
2000,6,6,"December"
2000,7,6,"December"
2000,5,4,"December"
2000,4,3,"December"
2000,6,5,"December"
2000,6,6,"December"
2000,5,5,"December"
2000,8,8,"December"
2000,6,5,"December"
2000,5,5,"December"
2000,7,6,"December"
2000,6,6,"December"
2000,8,8,"December"
2000,4,4,"December"
2000,7,7,"December"
2000,2,2,"December"
2000,9,6,"December"
2000,5,5,"December"
2000,5,5,"December"
2000,2,2,"December"
2000,7,7,"December"
2000,6,5,"December"
2000,3,3,"December"
2000,7,7,"December"
2000,3,3,"December"
2000,4,4,"December"
2001,3,3,"January"
2001,7,5,"January"
2001,3,3,"January"
2001,4,3,"January"
2001,7,5,"January"
2001,2,2,"January"
2001,7,7,"January"
2001,4,2,"January"
2001,5,4,"January"
2001,2,1,"January"
2001,5,5,"January"
2001,3,3,"January"
2001,6,5,"January"
2001,1,1,"January"
2001,2,2,"January"
2001,4,4,"January"
2001,2,2,"January"
2001,3,3,"January"
2001,7,7,"January"
2001,5,5,"January"
2001,6,6,"January"
2001,3,3,"January"
2001,3,3,"January"
2001,2,2,"January"
2001,2,2,"January"
2001,11,7,"January"
2001,11,7,"January"
2001,7,7,"January"
2001,3,3,"January"
2001,4,4,"January"
2001,4,4,"January"
2001,8,6,"February"
2001,2,2,"February"
2001,4,4,"February"
2001,5,4,"February"
2001,3,3,"February"
2001,5,4,"February"
2001,2,2,"February"
2001,3,3,"February"
2001,3,2,"February"
2001,2,2,"February"
2001,3,2,"February"
2001,5,5,"February"
2001,6,6,"February"
2001,3,3,"February"
2001,2,2,"February"
2001,5,4,"February"
2001,6,5,"February"
2001,9,5,"February"
2001,4,4,"February"
2001,2,2,"February"
2001,3,3,"February"
2001,4,4,"February"
2001,8,8,"February"
2001,4,4,"February"
2001,4,4,"February"
2001,3,3,"February"
2001,11,10,"February"
2001,4,4,"February"
2001,5,5,"March"
2001,7,5,"March"
2001,2,2,"March"
2001,6,6,"March"
2001,5,5,"March"
2001,3,3,"March"
2001,0,0,"March"
2001,2,2,"March"
2001,5,5,"March"
2001,6,4,"March"
2001,10,8,"March"
2001,1,1,"March"
2001,3,2,"March"
2001,7,6,"March"
2001,4,4,"March"
2001,6,6,"March"
2001,5,5,"March"
2001,1,1,"March"
2001,2,2,"March"
2001,2,2,"March"
2001,7,7,"March"
2001,6,3,"March"
2001,6,6,"March"
2001,4,4,"March"
2001,11,8,"March"
2001,2,2,"March"
2001,2,2,"March"
2001,4,4,"March"
2001,3,3,"March"
2001,8,8,"March"
2001,4,4,"March"
2001,3,3,"April"
2001,1,1,"April"
2001,5,5,"April"
2001,3,3,"April"
2001,4,4,"April"
2001,3,3,"April"
2001,6,6,"April"
2001,6,5,"April"
2001,3,3,"April"
2001,4,4,"April"
2001,5,5,"April"
2001,3,3,"April"
2001,6,6,"April"
2001,5,5,"April"
2001,7,6,"April"
2001,2,2,"April"
2001,3,3,"April"
2001,3,3,"April"
2001,4,4,"April"
2001,3,3,"April"
2001,11,8,"April"
2001,2,2,"April"
2001,3,3,"April"
2001,7,7,"April"
2001,5,5,"April"
2001,4,4,"April"
2001,4,4,"April"
2001,4,3,"April"
2001,6,4,"April"
2001,7,6,"April"
2001,4,4,"May"
2001,9,9,"May"
2001,13,10,"May"
2001,4,4,"May"
2001,2,2,"May"
2001,9,6,"May"
2001,4,4,"May"
2001,5,5,"May"
2001,5,4,"May"
2001,2,2,"May"
2001,7,7,"May"
2001,4,4,"May"
2001,6,6,"May"
2001,1,1,"May"
2001,5,5,"May"
2001,5,5,"May"
2001,2,2,"May"
2001,8,8,"May"
2001,6,6,"May"
2001,7,7,"May"
2001,9,8,"May"
2001,5,5,"May"
2001,0,0,"May"
2001,5,5,"May"
2001,5,4,"May"
2001,7,6,"May"
2001,3,3,"May"
2001,0,0,"May"
2001,3,3,"May"
2001,8,8,"May"
2001,2,2,"May"
2001,4,4,"June"
2001,8,8,"June"
2001,5,4,"June"
2001,5,5,"June"
2001,6,6,"June"
2001,6,6,"June"
2001,4,4,"June"
2001,9,7,"June"
2001,6,6,"June"
2001,5,5,"June"
2001,6,6,"June"
2001,4,4,"June"
2001,5,5,"June"
2001,5,5,"June"
2001,3,3,"June"
2001,8,5,"June"
2001,8,7,"June"
2001,1,1,"June"
2001,7,6,"June"
2001,7,5,"June"
2001,3,3,"June"
2001,3,3,"June"
2001,8,8,"June"
2001,6,5,"June"
2001,3,3,"June"
2001,5,5,"June"
2001,3,3,"June"
2001,3,3,"June"
2001,5,5,"June"
2001,3,3,"June"
2001,4,4,"July"
2001,0,0,"July"
2001,5,5,"July"
2001,0,0,"July"
2001,5,5,"July"
2001,10,10,"July"
2001,4,4,"July"
2001,6,5,"July"
2001,4,4,"July"
2001,4,3,"July"
2001,5,5,"July"
2001,8,7,"July"
2001,6,6,"July"
2001,9,9,"July"
2001,4,4,"July"
2001,4,4,"July"
2001,3,3,"July"
2001,3,2,"July"
2001,4,4,"July"
2001,1,1,"July"
2001,9,8,"July"
2001,7,6,"July"
2001,5,5,"July"
2001,1,1,"July"
2001,3,3,"July"
2001,1,1,"July"
2001,5,5,"July"
2001,8,7,"July"
2001,4,4,"July"
2001,6,6,"July"
2001,4,3,"July"
2001,7,6,"August"
2001,3,3,"August"
2001,3,3,"August"
2001,8,8,"August"
2001,7,7,"August"
2001,3,3,"August"
2001,4,4,"August"
2001,1,1,"August"
2001,3,3,"August"
2001,5,5,"August"
2001,10,10,"August"
2001,2,2,"August"
2001,2,2,"August"
2001,2,2,"August"
2001,4,2,"August"
2001,3,3,"August"
2001,7,7,"August"
2001,6,5,"August"
2001,6,4,"August"
2001,5,3,"August"
2001,10,8,"August"
2001,3,3,"August"
2001,3,3,"August"
2001,6,6,"August"
2001,9,8,"August"
2001,9,8,"August"
2001,4,4,"August"
2001,3,1,"August"
2001,5,3,"August"
2001,3,3,"August"
2001,2,2,"August"
2001,10,9,"September"
2001,4,4,"September"
2001,4,3,"September"
2001,1,1,"September"
2001,7,6,"September"
2001,3,3,"September"
2001,4,4,"September"
2001,4,4,"September"
2001,5,5,"September"
2001,6,6,"September"
2001,3,3,"September"
2001,6,4,"September"
2001,5,5,"September"
2001,8,8,"September"
2001,6,6,"September"
2001,4,4,"September"
2001,4,4,"September"
2001,3,3,"September"
2001,5,4,"September"
2001,2,2,"September"
2001,6,6,"September"
2001,5,5,"September"
2001,8,6,"September"
2001,2,2,"September"
2001,5,4,"September"
2001,1,1,"September"
2001,8,8,"September"
2001,4,4,"September"
2001,9,9,"September"
2001,1,1,"September"
2001,4,4,"October"
2001,1,1,"October"
2001,4,4,"October"
2001,4,4,"October"
2001,8,5,"October"
2001,8,8,"October"
2001,6,6,"October"
2001,5,5,"October"
2001,3,3,"October"
2001,9,9,"October"
2001,3,3,"October"
2001,6,4,"October"
2001,2,2,"October"
2001,3,3,"October"
2001,6,3,"October"
2001,5,5,"October"
2001,2,2,"October"
2001,8,7,"October"
2001,10,10,"October"
2001,11,9,"October"
2001,4,4,"October"
2001,2,2,"October"
2001,6,4,"October"
2001,2,2,"October"
2001,9,9,"October"
2001,7,7,"October"
2001,9,9,"October"
2001,7,5,"October"
2001,5,5,"October"
2001,2,2,"October"
2001,2,2,"October"
2001,3,3,"November"
2001,7,5,"November"
2001,4,4,"November"
2001,8,3,"November"
2001,4,4,"November"
2001,6,6,"November"
2001,9,7,"November"
2001,9,9,"November"
2001,5,5,"November"
2001,7,5,"November"
2001,5,4,"November"
2001,7,6,"November"
2001,5,5,"November"
2001,6,6,"November"
2001,5,5,"November"
2001,3,3,"November"
2001,5,5,"November"
2001,4,3,"November"
2001,5,5,"November"
2001,7,6,"November"
2001,4,4,"November"
2001,4,3,"November"
2001,2,2,"November"
2001,9,8,"November"
2001,6,5,"November"
2001,2,2,"November"
2001,4,4,"November"
2001,3,3,"November"
2001,1,1,"November"
2001,3,3,"November"
2001,4,3,"December"
2001,1,1,"December"
2001,5,3,"December"
2001,2,2,"December"
2001,4,4,"December"
2001,2,2,"December"
2001,4,4,"December"
2001,7,7,"December"
2001,9,9,"December"
2001,5,4,"December"
2001,1,1,"December"
2001,12,9,"December"
2001,2,2,"December"
2001,5,5,"December"
2001,7,7,"December"
2001,5,5,"December"
2001,7,6,"December"
2001,4,3,"December"
2001,6,6,"December"
2001,11,11,"December"
2001,5,5,"December"
2001,5,5,"December"
2001,8,7,"December"
2001,3,3,"December"
2001,7,6,"December"
2001,1,1,"December"
2001,3,3,"December"
2001,1,1,"December"
2001,4,4,"December"
2001,7,6,"December"
2001,1,1,"December"
2002,4,3,"January"
2002,2,2,"January"
2002,7,5,"January"
2002,0,0,"January"
2002,2,2,"January"
2002,3,3,"January"
2002,4,4,"January"
2002,2,2,"January"
2002,5,5,"January"
2002,1,1,"January"
2002,5,5,"January"
2002,7,6,"January"
2002,7,6,"January"
2002,5,5,"January"
2002,0,0,"January"
2002,8,8,"January"
2002,3,1,"January"
2002,3,3,"January"
2002,2,2,"January"
2002,4,4,"January"
2002,1,1,"January"
2002,1,1,"January"
2002,5,5,"January"
2002,7,7,"January"
2002,4,4,"January"
2002,7,7,"January"
2002,5,5,"January"
2002,6,6,"January"
2002,2,2,"January"
2002,3,3,"January"
2002,5,5,"January"
2002,10,8,"February"
2002,2,2,"February"
2002,8,8,"February"
2002,1,1,"February"
2002,4,4,"February"
2002,2,2,"February"
2002,5,5,"February"
2002,4,3,"February"
2002,3,3,"February"
2002,7,5,"February"
2002,4,4,"February"
2002,7,6,"February"
2002,2,2,"February"
2002,12,11,"February"
2002,5,5,"February"
2002,3,2,"February"
2002,8,5,"February"
2002,6,6,"February"
2002,3,3,"February"
2002,2,2,"February"
2002,6,6,"February"
2002,5,5,"February"
2002,4,4,"February"
2002,7,6,"February"
2002,6,6,"February"
2002,2,2,"February"
2002,3,3,"February"
2002,3,3,"February"
2002,5,5,"March"
2002,8,6,"March"
2002,5,5,"March"
2002,7,6,"March"
2002,5,5,"March"
2002,7,6,"March"
2002,3,2,"March"
2002,5,5,"March"
2002,11,9,"March"
2002,4,4,"March"
2002,3,3,"March"
2002,3,3,"March"
2002,2,2,"March"
2002,2,2,"March"
2002,1,1,"March"
2002,2,2,"March"
2002,5,4,"March"
2002,4,4,"March"
2002,2,2,"March"
2002,5,4,"March"
2002,6,5,"March"
2002,9,9,"March"
2002,11,9,"March"
2002,2,2,"March"
2002,5,5,"March"
2002,3,3,"March"
2002,5,4,"March"
2002,6,6,"March"
2002,6,6,"March"
2002,2,2,"March"
2002,7,7,"March"
2002,4,4,"April"
2002,5,4,"April"
2002,2,1,"April"
2002,9,9,"April"
2002,6,6,"April"
2002,7,5,"April"
2002,8,7,"April"
2002,1,1,"April"
2002,2,2,"April"
2002,5,5,"April"
2002,5,5,"April"
2002,5,5,"April"
2002,10,8,"April"
2002,1,1,"April"
2002,3,3,"April"
2002,6,4,"April"
2002,7,6,"April"
2002,8,8,"April"
2002,1,1,"April"
2002,2,2,"April"
2002,5,5,"April"
2002,8,8,"April"
2002,4,4,"April"
2002,2,2,"April"
2002,7,6,"April"
2002,1,1,"April"
2002,4,3,"April"
2002,6,6,"April"
2002,2,2,"April"
2002,2,2,"April"
2002,6,4,"May"
2002,5,2,"May"
2002,8,8,"May"
2002,5,5,"May"
2002,4,4,"May"
2002,7,6,"May"
2002,3,3,"May"
2002,3,3,"May"
2002,1,1,"May"
2002,4,4,"May"
2002,6,6,"May"
2002,4,4,"May"
2002,5,5,"May"
2002,8,7,"May"
2002,4,4,"May"
2002,3,3,"May"
2002,8,7,"May"
2002,5,5,"May"
2002,10,6,"May"
2002,5,5,"May"
2002,4,4,"May"
2002,8,7,"May"
2002,3,3,"May"
2002,4,4,"May"
2002,10,5,"May"
2002,10,10,"May"
2002,1,1,"May"
2002,4,4,"May"
2002,8,6,"May"
2002,5,5,"May"
2002,11,8,"May"
2002,10,6,"June"
2002,3,3,"June"
2002,6,6,"June"
2002,2,2,"June"
2002,4,4,"June"
2002,8,8,"June"
2002,4,4,"June"
2002,8,6,"June"
2002,4,4,"June"
2002,4,4,"June"
2002,2,2,"June"
2002,3,3,"June"
2002,4,4,"June"
2002,3,3,"June"
2002,3,3,"June"
2002,6,4,"June"
2002,7,5,"June"
2002,6,5,"June"
2002,5,3,"June"
2002,5,5,"June"
2002,3,3,"June"
2002,5,4,"June"
2002,4,4,"June"
2002,1,1,"June"
2002,4,4,"June"
2002,4,4,"June"
2002,3,3,"June"
2002,5,5,"June"
2002,9,8,"June"
2002,5,5,"June"
2002,3,3,"July"
2002,6,6,"July"
2002,3,2,"July"
2002,5,5,"July"
2002,5,3,"July"
2002,2,2,"July"
2002,10,10,"July"
2002,3,3,"July"
2002,3,3,"July"
2002,4,3,"July"
2002,6,6,"July"
2002,6,6,"July"
2002,8,7,"July"
2002,5,4,"July"
2002,7,6,"July"
2002,7,7,"July"
2002,2,2,"July"
2002,6,6,"July"
2002,1,1,"July"
2002,6,6,"July"
2002,4,3,"July"
2002,1,1,"July"
2002,2,2,"July"
2002,4,4,"July"
2002,3,3,"July"
2002,3,3,"July"
2002,2,2,"July"
2002,1,1,"July"
2002,2,2,"July"
2002,4,3,"July"
2002,3,3,"July"
2002,3,3,"August"
2002,5,5,"August"
2002,15,11,"August"
2002,4,3,"August"
2002,6,6,"August"
2002,4,4,"August"
2002,5,5,"August"
2002,8,6,"August"
2002,3,3,"August"
2002,13,11,"August"
2002,3,3,"August"
2002,6,5,"August"
2002,2,2,"August"
2002,5,5,"August"
2002,3,3,"August"
2002,2,2,"August"
2002,11,9,"August"
2002,6,6,"August"
2002,3,3,"August"
2002,4,3,"August"
2002,2,2,"August"
2002,9,8,"August"
2002,6,6,"August"
2002,5,5,"August"
2002,5,3,"August"
2002,2,2,"August"
2002,2,2,"August"
2002,0,0,"August"
2002,0,0,"August"
2002,4,4,"August"
2002,5,5,"August"
2002,2,2,"September"
2002,1,1,"September"
2002,3,2,"September"
2002,8,7,"September"
2002,3,3,"September"
2002,8,6,"September"
2002,7,6,"September"
2002,5,5,"September"
2002,3,3,"September"
2002,1,1,"September"
2002,3,3,"September"
2002,4,4,"September"
2002,8,7,"September"
2002,12,9,"September"
2002,4,4,"September"
2002,14,10,"September"
2002,3,3,"September"
2002,2,2,"September"
2002,3,3,"September"
2002,4,4,"September"
2002,4,4,"September"
2002,10,6,"September"
2002,4,4,"September"
2002,0,0,"September"
2002,1,1,"September"
2002,4,4,"September"
2002,7,4,"September"
2002,5,4,"September"
2002,5,4,"September"
2002,5,5,"September"
2002,5,4,"October"
2002,14,6,"October"
2002,4,4,"October"
2002,7,6,"October"
2002,2,2,"October"
2002,1,1,"October"
2002,0,0,"October"
2002,3,3,"October"
2002,5,4,"October"
2002,7,6,"October"
2002,3,3,"October"
2002,10,8,"October"
2002,8,6,"October"
2002,4,4,"October"
2002,2,2,"October"
2002,5,4,"October"
2002,6,6,"October"
2002,2,2,"October"
2002,5,5,"October"
2002,8,8,"October"
2002,4,4,"October"
2002,7,5,"October"
2002,2,2,"October"
2002,9,6,"October"
2002,5,4,"October"
2002,1,1,"October"
2002,4,4,"October"
2002,5,3,"October"
2002,9,8,"October"
2002,3,3,"October"
2002,2,2,"October"
2002,3,2,"November"
2002,9,5,"November"
2002,4,4,"November"
2002,4,4,"November"
2002,3,3,"November"
2002,3,3,"November"
2002,4,4,"November"
2002,7,6,"November"
2002,6,6,"November"
2002,4,4,"November"
2002,3,3,"November"
2002,4,4,"November"
2002,3,3,"November"
2002,6,6,"November"
2002,5,4,"November"
2002,10,8,"November"
2002,3,2,"November"
2002,2,2,"November"
2002,4,4,"November"
2002,1,1,"November"
2002,4,4,"November"
2002,5,5,"November"
2002,9,8,"November"
2002,2,2,"November"
2002,3,3,"November"
2002,7,6,"November"
2002,4,4,"November"
2002,10,10,"November"
2002,11,9,"November"
2002,4,3,"November"
2002,8,8,"December"
2002,2,2,"December"
2002,4,4,"December"
2002,5,5,"December"
2002,1,1,"December"
2002,2,2,"December"
2002,4,2,"December"
2002,10,7,"December"
2002,6,5,"December"
2002,2,2,"December"
2002,4,3,"December"
2002,8,6,"December"
2002,6,4,"December"
2002,6,6,"December"
2002,7,7,"December"
2002,1,1,"December"
2002,4,4,"December"
2002,2,2,"December"
2002,7,7,"December"
2002,2,2,"December"
2002,7,3,"December"
2002,4,4,"December"
2002,3,2,"December"
2002,3,2,"December"
2002,2,2,"December"
2002,2,2,"December"
2002,9,6,"December"
2002,4,4,"December"
2002,4,4,"December"
2002,3,3,"December"
2002,8,8,"December"
2003,10,9,"January"
2003,6,5,"January"
2003,1,1,"January"
2003,5,5,"January"
2003,4,4,"January"
2003,5,4,"January"
2003,2,2,"January"
2003,6,3,"January"
2003,1,1,"January"
2003,4,4,"January"
2003,4,3,"January"
2003,2,2,"January"
2003,3,3,"January"
2003,4,4,"January"
2003,1,1,"January"
2003,7,7,"January"
2003,5,4,"January"
2003,11,7,"January"
2003,2,2,"January"
2003,3,3,"January"
2003,3,3,"January"
2003,9,6,"January"
2003,4,4,"January"
2003,5,5,"January"
2003,1,1,"January"
2003,4,4,"January"
2003,3,3,"January"
2003,2,2,"January"
2003,2,2,"January"
2003,5,5,"January"
2003,3,3,"January"
2003,6,5,"February"
2003,2,1,"February"
2003,6,6,"February"
2003,6,6,"February"
2003,2,2,"February"
2003,7,5,"February"
2003,3,2,"February"
2003,3,2,"February"
2003,8,8,"February"
2003,5,4,"February"
2003,2,2,"February"
2003,7,4,"February"
2003,2,2,"February"
2003,2,2,"February"
2003,7,5,"February"
2003,2,2,"February"
2003,3,3,"February"
2003,1,1,"February"
2003,4,3,"February"
2003,4,4,"February"
2003,9,5,"February"
2003,6,6,"February"
2003,5,5,"February"
2003,4,4,"February"
2003,6,5,"February"
2003,1,1,"February"
2003,8,8,"February"
2003,8,7,"February"
2003,9,9,"March"
2003,5,5,"March"
2003,2,2,"March"
2003,3,3,"March"
2003,3,3,"March"
2003,8,6,"March"
2003,3,3,"March"
2003,10,9,"March"
2003,1,1,"March"
2003,1,1,"March"
2003,2,2,"March"
2003,6,5,"March"
2003,10,10,"March"
2003,8,6,"March"
2003,6,6,"March"
2003,9,6,"March"
2003,5,5,"March"
2003,2,2,"March"
2003,3,3,"March"
2003,5,4,"March"
2003,6,6,"March"
2003,2,2,"March"
2003,4,3,"March"
2003,0,0,"March"
2003,4,4,"March"
2003,5,4,"March"
2003,4,2,"March"
2003,1,1,"March"
2003,11,11,"March"
2003,5,5,"March"
2003,7,7,"March"
2003,3,3,"April"
2003,6,6,"April"
2003,7,7,"April"
2003,4,4,"April"
2003,8,8,"April"
2003,7,5,"April"
2003,1,1,"April"
2003,3,3,"April"
2003,3,3,"April"
2003,6,6,"April"
2003,6,5,"April"
2003,5,4,"April"
2003,4,4,"April"
2003,6,5,"April"
2003,1,1,"April"
2003,10,8,"April"
2003,8,5,"April"
2003,4,4,"April"
2003,4,4,"April"
2003,9,8,"April"
2003,3,2,"April"
2003,2,2,"April"
2003,3,3,"April"
2003,8,5,"April"
2003,7,6,"April"
2003,4,4,"April"
2003,8,8,"April"
2003,5,5,"April"
2003,1,1,"April"
2003,4,4,"April"
2003,0,0,"May"
2003,4,2,"May"
2003,7,7,"May"
2003,6,6,"May"
2003,6,6,"May"
2003,0,0,"May"
2003,2,2,"May"
2003,6,4,"May"
2003,5,5,"May"
2003,2,2,"May"
2003,4,4,"May"
2003,1,1,"May"
2003,8,8,"May"
2003,2,2,"May"
2003,2,2,"May"
2003,2,2,"May"
2003,3,3,"May"
2003,5,5,"May"
2003,0,0,"May"
2003,5,5,"May"
2003,2,2,"May"
2003,4,4,"May"
2003,9,8,"May"
2003,3,3,"May"
2003,5,5,"May"
2003,6,4,"May"
2003,5,5,"May"
2003,2,2,"May"
2003,5,5,"May"
2003,3,3,"May"
2003,11,9,"May"
2003,6,4,"June"
2003,3,3,"June"
2003,3,3,"June"
2003,9,7,"June"
2003,6,5,"June"
2003,2,2,"June"
2003,10,8,"June"
2003,3,3,"June"
2003,3,3,"June"
2003,3,3,"June"
2003,3,3,"June"
2003,3,3,"June"
2003,7,7,"June"
2003,3,3,"June"
2003,4,4,"June"
2003,1,1,"June"
2003,3,3,"June"
2003,2,2,"June"
2003,4,4,"June"
2003,8,7,"June"
2003,6,6,"June"
2003,7,5,"June"
2003,2,2,"June"
2003,10,9,"June"
2003,3,2,"June"
2003,6,6,"June"
2003,4,4,"June"
2003,4,4,"June"
2003,5,5,"June"
2003,3,3,"June"
2003,2,2,"July"
2003,3,3,"July"
2003,5,5,"July"
2003,6,5,"July"
2003,4,4,"July"
2003,7,5,"July"
2003,3,3,"July"
2003,3,3,"July"
2003,4,4,"July"
2003,5,5,"July"
2003,5,4,"July"
2003,5,4,"July"
2003,9,6,"July"
2003,4,4,"July"
2003,0,0,"July"
2003,1,1,"July"
2003,5,5,"July"
2003,3,3,"July"
2003,4,4,"July"
2003,5,5,"July"
2003,1,1,"July"
2003,3,3,"July"
2003,3,2,"July"
2003,3,3,"July"
2003,2,2,"July"
2003,4,3,"July"
2003,4,4,"July"
2003,0,0,"July"
2003,0,0,"July"
2003,1,1,"July"
2003,2,2,"July"
2003,2,2,"August"
2003,9,9,"August"
2003,2,2,"August"
2003,2,2,"August"
2003,0,0,"August"
2003,4,4,"August"
2003,2,2,"August"
2003,7,6,"August"
2003,2,2,"August"
2003,7,6,"August"
2003,4,4,"August"
2003,5,5,"August"
2003,8,7,"August"
2003,10,9,"August"
2003,7,6,"August"
2003,11,10,"August"
2003,4,4,"August"
2003,3,3,"August"
2003,3,2,"August"
2003,2,2,"August"
2003,7,6,"August"
2003,4,4,"August"
2003,7,7,"August"
2003,3,3,"August"
2003,1,1,"August"
2003,3,2,"August"
2003,4,4,"August"
2003,5,5,"August"
2003,1,1,"August"
2003,5,4,"August"
2003,5,4,"August"
2003,2,2,"September"
2003,6,5,"September"
2003,7,5,"September"
2003,2,2,"September"
2003,10,9,"September"
2003,9,6,"September"
2003,0,0,"September"
2003,0,0,"September"
2003,4,3,"September"
2003,6,6,"September"
2003,2,2,"September"
2003,5,5,"September"
2003,2,2,"September"
2003,3,3,"September"
2003,4,3,"September"
2003,4,4,"September"
2003,1,1,"September"
2003,6,5,"September"
2003,3,3,"September"
2003,7,7,"September"
2003,6,4,"September"
2003,4,4,"September"
2003,2,2,"September"
2003,3,3,"September"
2003,1,1,"September"
2003,2,2,"September"
2003,2,2,"September"
2003,8,7,"September"
2003,1,1,"September"
2003,8,6,"September"
2003,7,4,"October"
2003,5,5,"October"
2003,4,3,"October"
2003,4,4,"October"
2003,4,3,"October"
2003,1,1,"October"
2003,6,5,"October"
2003,1,1,"October"
2003,5,5,"October"
2003,2,2,"October"
2003,5,5,"October"
2003,5,3,"October"
2003,2,2,"October"
2003,2,2,"October"
2003,4,3,"October"
2003,7,6,"October"
2003,4,4,"October"
2003,4,4,"October"
2003,6,6,"October"
2003,6,6,"October"
2003,4,4,"October"
2003,5,4,"October"
2003,8,7,"October"
2003,13,11,"October"
2003,6,5,"October"
2003,2,2,"October"
2003,2,2,"October"
2003,4,4,"October"
2003,4,3,"October"
2003,7,6,"October"
2003,7,6,"October"
2003,4,4,"November"
2003,6,5,"November"
2003,8,7,"November"
2003,12,9,"November"
2003,3,3,"November"
2003,3,3,"November"
2003,5,5,"November"
2003,5,5,"November"
2003,9,9,"November"
2003,0,0,"November"
2003,5,4,"November"
2003,8,8,"November"
2003,2,2,"November"
2003,3,2,"November"
2003,0,0,"November"
2003,8,6,"November"
2003,3,3,"November"
2003,4,3,"November"
2003,3,2,"November"
2003,1,1,"November"
2003,7,7,"November"
2003,9,8,"November"
2003,4,4,"November"
2003,3,2,"November"
2003,4,3,"November"
2003,7,6,"November"
2003,3,3,"November"
2003,4,4,"November"
2003,4,3,"November"
2003,8,8,"November"
2003,8,7,"December"
2003,1,1,"December"
2003,4,4,"December"
2003,1,1,"December"
2003,7,4,"December"
2003,10,9,"December"
2003,9,8,"December"
2003,1,1,"December"
2003,5,5,"December"
2003,3,3,"December"
2003,3,3,"December"
2003,2,2,"December"
2003,11,8,"December"
2003,5,5,"December"
2003,2,2,"December"
2003,2,2,"December"
2003,5,4,"December"
2003,6,5,"December"
2003,8,6,"December"
2003,6,5,"December"
2003,2,2,"December"
2003,2,2,"December"
2003,8,7,"December"
2003,6,6,"December"
2003,0,0,"December"
2003,7,6,"December"
2003,5,5,"December"
2003,6,5,"December"
2003,4,3,"December"
2003,5,4,"December"
2003,4,2,"December"
2004,7,7,"January"
2004,6,5,"January"
2004,3,3,"January"
2004,5,5,"January"
2004,5,5,"January"
2004,4,4,"January"
2004,3,3,"January"
2004,5,4,"January"
2004,4,4,"January"
2004,6,5,"January"
2004,10,10,"January"
2004,4,2,"January"
2004,1,1,"January"
2004,4,4,"January"
2004,4,3,"January"
2004,5,4,"January"
2004,7,6,"January"
2004,3,3,"January"
2004,3,3,"January"
2004,7,4,"January"
2004,5,5,"January"
2004,4,4,"January"
2004,9,8,"January"
2004,4,4,"January"
2004,4,4,"January"
2004,1,1,"January"
2004,2,2,"January"
2004,5,5,"January"
2004,7,6,"January"
2004,5,5,"January"
2004,5,5,"January"
2004,6,6,"February"
2004,3,3,"February"
2004,2,2,"February"
2004,1,1,"February"
2004,2,2,"February"
2004,6,5,"February"
2004,4,3,"February"
2004,5,5,"February"
2004,3,3,"February"
2004,4,4,"February"
2004,6,6,"February"
2004,6,6,"February"
2004,4,4,"February"
2004,7,6,"February"
2004,3,2,"February"
2004,3,3,"February"
2004,3,3,"February"
2004,3,3,"February"
2004,5,4,"February"
2004,2,2,"February"
2004,4,3,"February"
2004,6,5,"February"
2004,3,3,"February"
2004,1,1,"February"
2004,3,3,"February"
2004,5,5,"February"
2004,4,3,"February"
2004,7,7,"February"
2004,6,6,"February"
2004,4,4,"March"
2004,4,4,"March"
2004,6,5,"March"
2004,5,5,"March"
2004,6,4,"March"
2004,3,3,"March"
2004,3,3,"March"
2004,7,7,"March"
2004,3,3,"March"
2004,5,5,"March"
2004,6,5,"March"
2004,6,6,"March"
2004,4,4,"March"
2004,7,7,"March"
2004,4,4,"March"
2004,3,3,"March"
2004,3,3,"March"
2004,4,4,"March"
2004,4,4,"March"
2004,3,3,"March"
2004,13,10,"March"
2004,4,4,"March"
2004,0,0,"March"
2004,3,3,"March"
2004,5,5,"March"
2004,2,2,"March"
2004,4,4,"March"
2004,6,5,"March"
2004,5,5,"March"
2004,4,4,"March"
2004,3,3,"March"
2004,1,1,"April"
2004,7,7,"April"
2004,5,5,"April"
2004,3,3,"April"
2004,2,2,"April"
2004,4,4,"April"
2004,5,5,"April"
2004,3,3,"April"
2004,2,2,"April"
2004,3,3,"April"
2004,3,3,"April"
2004,4,4,"April"
2004,4,4,"April"
2004,2,1,"April"
2004,10,7,"April"
2004,9,8,"April"
2004,1,1,"April"
2004,6,5,"April"
2004,1,1,"April"
2004,10,7,"April"
2004,1,1,"April"
2004,3,3,"April"
2004,3,3,"April"
2004,4,4,"April"
2004,5,3,"April"
2004,2,2,"April"
2004,2,2,"April"
2004,7,7,"April"
2004,2,2,"April"
2004,9,8,"April"
2004,7,7,"May"
2004,6,6,"May"
2004,2,2,"May"
2004,5,5,"May"
2004,2,2,"May"
2004,4,4,"May"
2004,1,1,"May"
2004,5,5,"May"
2004,8,7,"May"
2004,1,1,"May"
2004,5,5,"May"
2004,3,3,"May"
2004,3,3,"May"
2004,5,5,"May"
2004,13,13,"May"
2004,6,6,"May"
2004,0,0,"May"
2004,8,6,"May"
2004,6,4,"May"
2004,4,4,"May"
2004,11,8,"May"
2004,3,3,"May"
2004,3,3,"May"
2004,4,4,"May"
2004,2,2,"May"
2004,5,5,"May"
2004,2,2,"May"
2004,7,7,"May"
2004,2,2,"May"
2004,8,8,"May"
2004,1,1,"May"
2004,5,5,"June"
2004,2,2,"June"
2004,1,1,"June"
2004,3,3,"June"
2004,4,4,"June"
2004,5,4,"June"
2004,2,2,"June"
2004,3,3,"June"
2004,3,3,"June"
2004,8,7,"June"
2004,8,8,"June"
2004,5,3,"June"
2004,5,5,"June"
2004,6,6,"June"
2004,4,4,"June"
2004,4,3,"June"
2004,2,2,"June"
2004,4,4,"June"
2004,6,6,"June"
2004,6,2,"June"
2004,5,5,"June"
2004,2,2,"June"
2004,3,3,"June"
2004,5,5,"June"
2004,4,4,"June"
2004,3,3,"June"
2004,4,4,"June"
2004,5,4,"June"
2004,5,4,"June"
2004,1,1,"June"
2004,0,0,"July"
2004,6,5,"July"
2004,7,4,"July"
2004,3,3,"July"
2004,2,2,"July"
2004,3,3,"July"
2004,6,6,"July"
2004,2,2,"July"
2004,8,7,"July"
2004,8,6,"July"
2004,4,4,"July"
2004,4,3,"July"
2004,3,3,"July"
2004,6,5,"July"
2004,4,4,"July"
2004,6,4,"July"
2004,10,8,"July"
2004,5,4,"July"
2004,0,0,"July"
2004,1,1,"July"
2004,4,3,"July"
2004,2,2,"July"
2004,5,5,"July"
2004,8,7,"July"
2004,3,3,"July"
2004,3,3,"July"
2004,5,5,"July"
2004,5,5,"July"
2004,5,4,"July"
2004,5,5,"July"
2004,6,5,"July"
2004,6,5,"August"
2004,5,4,"August"
2004,3,2,"August"
2004,4,4,"August"
2004,13,7,"August"
2004,4,4,"August"
2004,6,6,"August"
2004,6,5,"August"
2004,6,6,"August"
2004,4,4,"August"
2004,1,1,"August"
2004,3,3,"August"
2004,8,6,"August"
2004,2,2,"August"
2004,1,1,"August"
2004,5,4,"August"
2004,3,2,"August"
2004,1,1,"August"
2004,1,1,"August"
2004,10,8,"August"
2004,7,7,"August"
2004,4,3,"August"
2004,1,1,"August"
2004,1,1,"August"
2004,4,4,"August"
2004,2,2,"August"
2004,4,4,"August"
2004,7,5,"August"
2004,8,6,"August"
2004,3,3,"August"
2004,2,2,"August"
2004,3,3,"September"
2004,4,3,"September"
2004,6,6,"September"
2004,7,6,"September"
2004,5,5,"September"
2004,2,2,"September"
2004,5,5,"September"
2004,2,2,"September"
2004,8,8,"September"
2004,2,2,"September"
2004,6,4,"September"
2004,8,4,"September"
2004,3,3,"September"
2004,1,1,"September"
2004,0,0,"September"
2004,2,2,"September"
2004,5,5,"September"
2004,3,3,"September"
2004,3,3,"September"
2004,1,1,"September"
2004,4,4,"September"
2004,4,4,"September"
2004,6,5,"September"
2004,4,4,"September"
2004,11,6,"September"
2004,6,6,"September"
2004,0,0,"September"
2004,1,1,"September"
2004,6,6,"September"
2004,4,4,"September"
2004,3,3,"October"
2004,2,2,"October"
2004,8,7,"October"
2004,2,2,"October"
2004,4,3,"October"
2004,2,2,"October"
2004,4,4,"October"
2004,3,2,"October"
2004,9,8,"October"
2004,2,2,"October"
2004,4,4,"October"
2004,4,4,"October"
2004,3,3,"October"
2004,3,3,"October"
2004,4,4,"October"
2004,9,9,"October"
2004,8,8,"October"
2004,4,4,"October"
2004,4,4,"October"
2004,0,0,"October"
2004,3,3,"October"
2004,8,6,"October"
2004,9,8,"October"
2004,7,7,"October"
2004,0,0,"October"
2004,3,3,"October"
2004,2,2,"October"
2004,8,8,"October"
2004,5,5,"October"
2004,7,7,"October"
2004,4,4,"October"
2004,5,5,"November"
2004,6,6,"November"
2004,3,3,"November"
2004,0,0,"November"
2004,4,4,"November"
2004,6,5,"November"
2004,3,3,"November"
2004,4,4,"November"
2004,4,4,"November"
2004,6,5,"November"
2004,2,2,"November"
2004,7,6,"November"
2004,0,0,"November"
2004,4,4,"November"
2004,5,4,"November"
2004,4,4,"November"
2004,2,2,"November"
2004,3,3,"November"
2004,6,6,"November"
2004,5,4,"November"
2004,6,6,"November"
2004,5,3,"November"
2004,3,3,"November"
2004,2,2,"November"
2004,6,6,"November"
2004,7,7,"November"
2004,11,10,"November"
2004,8,8,"November"
2004,4,4,"November"
2004,0,0,"November"
2004,4,4,"December"
2004,6,5,"December"
2004,5,5,"December"
2004,6,5,"December"
2004,7,6,"December"
2004,1,1,"December"
2004,3,3,"December"
2004,4,4,"December"
2004,2,2,"December"
2004,3,2,"December"
2004,6,6,"December"
2004,5,5,"December"
2004,4,4,"December"
2004,3,3,"December"
2004,5,5,"December"
2004,5,5,"December"
2004,3,3,"December"
2004,3,3,"December"
2004,3,3,"December"
2004,10,8,"December"
2004,1,1,"December"
2004,7,7,"December"
2004,6,4,"December"
2004,5,4,"December"
2004,6,6,"December"
2004,4,3,"December"
2004,1,1,"December"
2004,1,1,"December"
2004,3,2,"December"
2004,2,2,"December"
2004,3,3,"December"
2005,5,5,"January"
2005,4,4,"January"
2005,3,3,"January"
2005,4,3,"January"
2005,4,4,"January"
2005,1,1,"January"
2005,2,2,"January"
2005,10,10,"January"
2005,3,3,"January"
2005,2,2,"January"
2005,2,2,"January"
2005,6,6,"January"
2005,2,2,"January"
2005,3,3,"January"
2005,3,3,"January"
2005,0,0,"January"
2005,1,1,"January"
2005,1,1,"January"
2005,7,7,"January"
2005,5,5,"January"
2005,2,2,"January"
2005,6,5,"January"
2005,7,6,"January"
2005,5,4,"January"
2005,8,7,"January"
2005,2,2,"January"
2005,2,2,"January"
2005,2,2,"January"
2005,6,3,"January"
2005,0,0,"January"
2005,3,2,"January"
2005,4,4,"February"
2005,1,1,"February"
2005,4,4,"February"
2005,6,4,"February"
2005,3,3,"February"
2005,3,3,"February"
2005,0,0,"February"
2005,5,4,"February"
2005,3,2,"February"
2005,1,1,"February"
2005,5,5,"February"
2005,3,3,"February"
2005,8,6,"February"
2005,4,4,"February"
2005,2,2,"February"
2005,5,5,"February"
2005,0,0,"February"
2005,9,9,"February"
2005,12,10,"February"
2005,1,1,"February"
2005,2,2,"February"
2005,3,2,"February"
2005,9,8,"February"
2005,6,5,"February"
2005,8,7,"February"
2005,6,6,"February"
2005,4,3,"February"
2005,1,1,"February"
2005,1,1,"March"
2005,3,2,"March"
2005,2,2,"March"
2005,3,3,"March"
2005,4,4,"March"
2005,13,11,"March"
2005,4,4,"March"
2005,6,6,"March"
2005,9,8,"March"
2005,7,7,"March"
2005,8,5,"March"
2005,3,3,"March"
2005,6,5,"March"
2005,2,2,"March"
2005,2,2,"March"
2005,6,5,"March"
2005,4,3,"March"
2005,6,4,"March"
2005,8,7,"March"
2005,5,5,"March"
2005,6,6,"March"
2005,0,0,"March"
2005,8,7,"March"
2005,4,4,"March"
2005,11,8,"March"
2005,3,3,"March"
2005,2,2,"March"
2005,5,5,"March"
2005,1,1,"March"
2005,6,6,"March"
2005,8,6,"March"
2005,7,7,"April"
2005,5,5,"April"
2005,6,6,"April"
2005,5,5,"April"
2005,7,7,"April"
2005,3,3,"April"
2005,2,2,"April"
2005,6,6,"April"
2005,4,4,"April"
2005,7,7,"April"
2005,0,0,"April"
2005,5,5,"April"
2005,6,6,"April"
2005,3,3,"April"
2005,4,4,"April"
2005,4,3,"April"
2005,8,8,"April"
2005,3,3,"April"
2005,5,5,"April"
2005,2,2,"April"
2005,5,5,"April"
2005,5,5,"April"
2005,2,2,"April"
2005,1,1,"April"
2005,2,2,"April"
2005,2,2,"April"
2005,5,5,"April"
2005,8,6,"April"
2005,2,2,"April"
2005,10,5,"April"
2005,8,8,"May"
2005,5,5,"May"
2005,4,4,"May"
2005,5,5,"May"
2005,5,4,"May"
2005,4,4,"May"
2005,14,11,"May"
2005,8,8,"May"
2005,1,1,"May"
2005,5,5,"May"
2005,6,5,"May"
2005,3,3,"May"
2005,8,8,"May"
2005,6,6,"May"
2005,7,5,"May"
2005,3,2,"May"
2005,4,3,"May"
2005,1,1,"May"
2005,6,6,"May"
2005,3,2,"May"
2005,7,7,"May"
2005,5,5,"May"
2005,1,1,"May"
2005,4,3,"May"
2005,5,5,"May"
2005,1,1,"May"
2005,2,2,"May"
2005,2,2,"May"
2005,7,7,"May"
2005,2,2,"May"
2005,2,2,"May"
2005,3,2,"June"
2005,2,2,"June"
2005,5,5,"June"
2005,6,5,"June"
2005,3,3,"June"
2005,3,3,"June"
2005,6,5,"June"
2005,1,1,"June"
2005,6,5,"June"
2005,5,5,"June"
2005,4,4,"June"
2005,5,5,"June"
2005,1,1,"June"
2005,3,3,"June"
2005,1,1,"June"
2005,4,4,"June"
2005,8,7,"June"
2005,2,2,"June"
2005,7,4,"June"
2005,6,5,"June"
2005,7,6,"June"
2005,1,1,"June"
2005,1,1,"June"
2005,5,5,"June"
2005,7,7,"June"
2005,6,6,"June"
2005,6,3,"June"
2005,1,1,"June"
2005,0,0,"June"
2005,7,6,"June"
2005,5,5,"July"
2005,7,7,"July"
2005,4,4,"July"
2005,4,4,"July"
2005,2,2,"July"
2005,11,10,"July"
2005,4,3,"July"
2005,5,5,"July"
2005,9,8,"July"
2005,2,2,"July"
2005,1,1,"July"
2005,2,2,"July"
2005,5,4,"July"
2005,4,3,"July"
2005,6,6,"July"
2005,9,9,"July"
2005,5,4,"July"
2005,0,0,"July"
2005,4,4,"July"
2005,4,3,"July"
2005,2,2,"July"
2005,4,3,"July"
2005,2,1,"July"
2005,3,3,"July"
2005,5,4,"July"
2005,3,3,"July"
2005,6,6,"July"
2005,5,5,"July"
2005,5,5,"July"
2005,8,8,"July"
2005,4,3,"July"
2005,5,5,"August"
2005,9,7,"August"
2005,3,3,"August"
2005,7,7,"August"
2005,8,8,"August"
2005,8,8,"August"
2005,2,2,"August"
2005,3,3,"August"
2005,1,1,"August"
2005,4,3,"August"
2005,6,5,"August"
2005,3,3,"August"
2005,15,11,"August"
2005,4,2,"August"
2005,4,4,"August"
2005,3,3,"August"
2005,4,2,"August"
2005,2,2,"August"
2005,5,5,"August"
2005,10,6,"August"
2005,7,7,"August"
2005,3,3,"August"
2005,3,3,"August"
2005,4,4,"August"
2005,5,4,"August"
2005,4,4,"August"
2005,4,4,"August"
2005,5,5,"August"
2005,6,6,"August"
2005,4,4,"August"
2005,0,0,"August"
2005,7,6,"September"
2005,4,4,"September"
2005,5,5,"September"
2005,4,4,"September"
2005,7,5,"September"
2005,4,4,"September"
2005,7,7,"September"
2005,3,3,"September"
2005,6,6,"September"
2005,8,6,"September"
2005,5,4,"September"
2005,4,4,"September"
2005,1,1,"September"
2005,2,2,"September"
2005,5,5,"September"
2005,5,4,"September"
2005,5,5,"September"
2005,3,3,"September"
2005,3,3,"September"
2005,4,3,"September"
2005,2,2,"September"
2005,4,4,"September"
2005,5,5,"September"
2005,6,6,"September"
2005,10,7,"September"
2005,7,7,"September"
2005,6,5,"September"
2005,2,2,"September"
2005,0,0,"September"
2005,2,2,"September"
2005,5,5,"October"
2005,4,4,"October"
2005,4,4,"October"
2005,8,7,"October"
2005,3,3,"October"
2005,2,2,"October"
2005,7,7,"October"
2005,6,5,"October"
2005,2,2,"October"
2005,1,1,"October"
2005,9,8,"October"
2005,4,4,"October"
2005,8,8,"October"
2005,6,6,"October"
2005,6,6,"October"
2005,2,2,"October"
2005,6,6,"October"
2005,4,4,"October"
2005,3,3,"October"
2005,2,2,"October"
2005,4,4,"October"
2005,3,3,"October"
2005,3,2,"October"
2005,3,2,"October"
2005,3,3,"October"
2005,1,1,"October"
2005,2,2,"October"
2005,8,8,"October"
2005,5,5,"October"
2005,3,3,"October"
2005,2,2,"October"
2005,4,4,"November"
2005,3,3,"November"
2005,5,4,"November"
2005,5,5,"November"
2005,7,5,"November"
2005,8,8,"November"
2005,2,2,"November"
2005,2,2,"November"
2005,1,1,"November"
2005,3,3,"November"
2005,6,5,"November"
2005,6,4,"November"
2005,7,7,"November"
2005,1,1,"November"
2005,0,0,"November"
2005,5,5,"November"
2005,3,3,"November"
2005,4,4,"November"
2005,5,5,"November"
2005,3,3,"November"
2005,8,6,"November"
2005,4,3,"November"
2005,9,5,"November"
2005,3,3,"November"
2005,2,2,"November"
2005,8,8,"November"
2005,2,2,"November"
2005,5,2,"November"
2005,2,2,"November"
2005,1,1,"November"
2005,3,3,"December"
2005,8,8,"December"
2005,12,9,"December"
2005,3,3,"December"
2005,3,3,"December"
2005,3,3,"December"
2005,7,5,"December"
2005,3,3,"December"
2005,6,5,"December"
2005,5,5,"December"
2005,1,1,"December"
2005,6,5,"December"
2005,3,3,"December"
2005,4,4,"December"
2005,4,3,"December"
2005,7,5,"December"
2005,4,4,"December"
2005,6,4,"December"
2005,6,6,"December"
2005,6,6,"December"
2005,6,6,"December"
2005,7,7,"December"
2005,6,6,"December"
2005,4,3,"December"
2005,4,3,"December"
2005,7,5,"December"
2005,9,7,"December"
2005,3,2,"December"
2005,2,2,"December"
2005,3,3,"December"
2005,11,10,"December"
2006,7,3,"January"
2006,4,4,"January"
2006,9,6,"January"
2006,4,3,"January"
2006,3,3,"January"
2006,7,6,"January"
2006,9,8,"January"
2006,3,2,"January"
2006,1,1,"January"
2006,4,4,"January"
2006,4,4,"January"
2006,3,3,"January"
2006,2,2,"January"
2006,4,4,"January"
2006,4,4,"January"
2006,7,7,"January"
2006,3,2,"January"
2006,5,5,"January"
2006,9,8,"January"
2006,7,7,"January"
2006,5,5,"January"
2006,12,9,"January"
2006,3,3,"January"
2006,3,2,"January"
2006,4,3,"January"
2006,9,5,"January"
2006,4,4,"January"
2006,4,4,"January"
2006,4,4,"January"
2006,5,5,"January"
2006,3,3,"January"
2006,2,2,"February"
2006,2,2,"February"
2006,3,3,"February"
2006,4,4,"February"
2006,2,2,"February"
2006,4,3,"February"
2006,1,1,"February"
2006,3,3,"February"
2006,4,4,"February"
2006,5,5,"February"
2006,4,3,"February"
2006,5,5,"February"
2006,5,5,"February"
2006,4,4,"February"
2006,4,4,"February"
2006,4,4,"February"
2006,6,6,"February"
2006,16,11,"February"
2006,4,4,"February"
2006,2,2,"February"
2006,2,2,"February"
2006,4,4,"February"
2006,5,5,"February"
2006,7,7,"February"
2006,14,9,"February"
2006,3,2,"February"
2006,6,5,"February"
2006,2,2,"February"
2006,2,2,"March"
2006,0,0,"March"
2006,4,4,"March"
2006,5,5,"March"
2006,4,4,"March"
2006,2,2,"March"
2006,1,1,"March"
2006,3,2,"March"
2006,2,2,"March"
2006,7,6,"March"
2006,5,5,"March"
2006,7,6,"March"
2006,1,1,"March"
2006,3,3,"March"
2006,7,7,"March"
2006,1,1,"March"
2006,1,1,"March"
2006,8,7,"March"
2006,3,3,"March"
2006,2,2,"March"
2006,4,4,"March"
2006,4,4,"March"
2006,5,5,"March"
2006,8,7,"March"
2006,9,8,"March"
2006,7,6,"March"
2006,8,8,"March"
2006,4,4,"March"
2006,8,7,"March"
2006,1,1,"March"
2006,5,5,"March"
2006,5,5,"April"
2006,7,7,"April"
2006,1,1,"April"
2006,1,1,"April"
2006,4,3,"April"
2006,4,4,"April"
2006,7,3,"April"
2006,4,3,"April"
2006,6,5,"April"
2006,3,3,"April"
2006,3,2,"April"
2006,4,2,"April"
2006,3,3,"April"
2006,4,4,"April"
2006,2,2,"April"
2006,3,3,"April"
2006,10,6,"April"
2006,2,2,"April"
2006,6,6,"April"
2006,1,1,"April"
2006,3,3,"April"
2006,1,1,"April"
2006,4,3,"April"
2006,5,4,"April"
2006,7,6,"April"
2006,8,8,"April"
2006,5,5,"April"
2006,6,5,"April"
2006,1,1,"April"
2006,4,4,"April"
2006,2,2,"May"
2006,2,2,"May"
2006,9,5,"May"
2006,5,4,"May"
2006,6,6,"May"
2006,8,7,"May"
2006,4,4,"May"
2006,3,2,"May"
2006,2,2,"May"
2006,2,2,"May"
2006,1,1,"May"
2006,5,5,"May"
2006,7,7,"May"
2006,6,6,"May"
2006,2,2,"May"
2006,1,1,"May"
2006,3,3,"May"
2006,2,2,"May"
2006,4,4,"May"
2006,4,4,"May"
2006,9,9,"May"
2006,4,4,"May"
2006,5,4,"May"
2006,7,7,"May"
2006,2,2,"May"
2006,6,6,"May"
2006,4,3,"May"
2006,6,4,"May"
2006,4,4,"May"
2006,3,3,"May"
2006,4,4,"May"
2006,4,4,"June"
2006,5,5,"June"
2006,2,2,"June"
2006,5,5,"June"
2006,6,5,"June"
2006,5,5,"June"
2006,3,3,"June"
2006,3,3,"June"
2006,4,4,"June"
2006,2,2,"June"
2006,5,4,"June"
2006,5,4,"June"
2006,8,7,"June"
2006,1,1,"June"
2006,2,2,"June"
2006,7,6,"June"
2006,8,7,"June"
2006,6,5,"June"
2006,9,7,"June"
2006,4,4,"June"
2006,5,5,"June"
2006,7,7,"June"
2006,5,5,"June"
2006,6,6,"June"
2006,1,1,"June"
2006,3,3,"June"
2006,6,4,"June"
2006,3,3,"June"
2006,3,3,"June"
2006,3,3,"June"
2006,3,3,"July"
2006,0,0,"July"
2006,2,2,"July"
2006,1,1,"July"
2006,0,0,"July"
2006,0,0,"July"
2006,4,3,"July"
2006,10,7,"July"
2006,7,7,"July"
2006,7,5,"July"
2006,1,1,"July"
2006,5,5,"July"
2006,7,7,"July"
2006,6,5,"July"
2006,6,5,"July"
2006,1,1,"July"
2006,0,0,"July"
2006,5,5,"July"
2006,4,4,"July"
2006,1,1,"July"
2006,4,4,"July"
2006,2,2,"July"
2006,8,7,"July"
2006,6,5,"July"
2006,2,2,"July"
2006,4,3,"July"
2006,6,5,"July"
2006,7,6,"July"
2006,0,0,"July"
2006,5,5,"July"
2006,1,1,"July"
2006,3,3,"August"
2006,6,5,"August"
2006,4,3,"August"
2006,6,4,"August"
2006,2,2,"August"
2006,7,7,"August"
2006,4,4,"August"
2006,2,2,"August"
2006,6,6,"August"
2006,5,5,"August"
2006,7,6,"August"
2006,5,5,"August"
2006,3,3,"August"
2006,1,1,"August"
2006,2,2,"August"
2006,3,3,"August"
2006,5,5,"August"
2006,2,2,"August"
2006,6,5,"August"
2006,2,2,"August"
2006,3,3,"August"
2006,2,2,"August"
2006,5,5,"August"
2006,1,1,"August"
2006,7,7,"August"
2006,11,10,"August"
2006,4,4,"August"
2006,2,2,"August"
2006,5,5,"August"
2006,3,3,"August"
2006,3,3,"August"
2006,0,0,"September"
2006,9,7,"September"
2006,3,2,"September"
2006,2,2,"September"
2006,0,0,"September"
2006,4,4,"September"
2006,2,2,"September"
2006,5,5,"September"
2006,8,7,"September"
2006,2,2,"September"
2006,0,0,"September"
2006,6,6,"September"
2006,6,5,"September"
2006,6,6,"September"
2006,5,5,"September"
2006,12,11,"September"
2006,5,5,"September"
2006,0,0,"September"
2006,3,3,"September"
2006,4,4,"September"
2006,5,3,"September"
2006,6,5,"September"
2006,8,8,"September"
2006,8,7,"September"
2006,6,6,"September"
2006,9,2,"September"
2006,2,2,"September"
2006,2,2,"September"
2006,5,5,"September"
2006,6,6,"September"
2006,5,5,"October"
2006,3,3,"October"
2006,2,2,"October"
2006,3,3,"October"
2006,4,3,"October"
2006,7,7,"October"
2006,10,10,"October"
2006,5,5,"October"
2006,4,4,"October"
2006,2,2,"October"
2006,7,7,"October"
2006,1,1,"October"
2006,3,3,"October"
2006,8,7,"October"
2006,5,5,"October"
2006,2,2,"October"
2006,1,1,"October"
2006,4,4,"October"
2006,4,4,"October"
2006,8,8,"October"
2006,4,4,"October"
2006,7,4,"October"
2006,2,2,"October"
2006,1,1,"October"
2006,1,1,"October"
2006,1,1,"October"
2006,3,2,"October"
2006,7,7,"October"
2006,5,5,"October"
2006,1,1,"October"
2006,1,1,"October"
2006,6,6,"November"
2006,3,3,"November"
2006,8,7,"November"
2006,5,5,"November"
2006,8,8,"November"
2006,4,4,"November"
2006,5,4,"November"
2006,5,5,"November"
2006,0,0,"November"
2006,2,2,"November"
2006,6,6,"November"
2006,3,3,"November"
2006,1,1,"November"
2006,4,4,"November"
2006,3,3,"November"
2006,6,5,"November"
2006,3,3,"November"
2006,8,6,"November"
2006,7,7,"November"
2006,3,3,"November"
2006,6,5,"November"
2006,3,3,"November"
2006,3,3,"November"
2006,12,10,"November"
2006,5,4,"November"
2006,5,5,"November"
2006,1,1,"November"
2006,3,3,"November"
2006,6,6,"November"
2006,3,3,"November"
2006,14,14,"December"
2006,9,9,"December"
2006,8,8,"December"
2006,5,5,"December"
2006,1,1,"December"
2006,6,4,"December"
2006,4,4,"December"
2006,5,4,"December"
2006,3,3,"December"
2006,6,6,"December"
2006,7,7,"December"
2006,2,1,"December"
2006,3,3,"December"
2006,5,5,"December"
2006,9,7,"December"
2006,3,3,"December"
2006,1,1,"December"
2006,4,4,"December"
2006,4,3,"December"
2006,6,6,"December"
2006,5,5,"December"
2006,5,4,"December"
2006,8,7,"December"
2006,2,2,"December"
2006,9,9,"December"
2006,4,4,"December"
2006,4,3,"December"
2006,4,4,"December"
2006,1,1,"December"
2006,2,2,"December"
2006,5,5,"December"
2007,2,2,"January"
2007,4,4,"January"
2007,1,1,"January"
2007,5,4,"January"
2007,6,6,"January"
2007,4,4,"January"
2007,3,2,"January"
2007,3,2,"January"
2007,2,2,"January"
2007,0,0,"January"
2007,8,6,"January"
2007,5,5,"January"
2007,7,7,"January"
2007,8,8,"January"
2007,2,2,"January"
2007,10,9,"January"
2007,6,4,"January"
2007,1,1,"January"
2007,3,3,"January"
2007,5,5,"January"
2007,6,5,"January"
2007,1,1,"January"
2007,1,1,"January"
2007,5,4,"January"
2007,4,4,"January"
2007,8,7,"January"
2007,1,1,"January"
2007,8,7,"January"
2007,4,4,"January"
2007,6,6,"January"
2007,3,3,"January"
2007,3,3,"February"
2007,7,5,"February"
2007,2,2,"February"
2007,8,8,"February"
2007,3,3,"February"
2007,1,1,"February"
2007,2,2,"February"
2007,2,2,"February"
2007,9,6,"February"
2007,4,4,"February"
2007,4,4,"February"
2007,3,3,"February"
2007,1,1,"February"
2007,4,4,"February"
2007,2,2,"February"
2007,6,4,"February"
2007,8,7,"February"
2007,7,7,"February"
2007,3,3,"February"
2007,5,5,"February"
2007,7,6,"February"
2007,3,3,"February"
2007,4,4,"February"
2007,4,4,"February"
2007,7,7,"February"
2007,6,6,"February"
2007,4,4,"February"
2007,2,2,"February"
2007,3,3,"March"
2007,5,5,"March"
2007,4,4,"March"
2007,5,4,"March"
2007,3,3,"March"
2007,1,1,"March"
2007,13,13,"March"
2007,5,5,"March"
2007,6,6,"March"
2007,11,10,"March"
2007,7,7,"March"
2007,1,1,"March"
2007,3,3,"March"
2007,5,5,"March"
2007,2,2,"March"
2007,7,7,"March"
2007,10,9,"March"
2007,5,5,"March"
2007,2,2,"March"
2007,1,1,"March"
2007,4,4,"March"
2007,2,2,"March"
2007,8,6,"March"
2007,8,8,"March"
2007,3,2,"March"
2007,7,7,"March"
2007,3,3,"March"
2007,2,2,"March"
2007,3,3,"March"
2007,4,3,"March"
2007,6,6,"March"
2007,3,3,"April"
2007,3,3,"April"
2007,10,7,"April"
2007,5,4,"April"
2007,10,9,"April"
2007,3,3,"April"
2007,5,5,"April"
2007,5,5,"April"
2007,4,3,"April"
2007,3,3,"April"
2007,5,5,"April"
2007,4,3,"April"
2007,2,2,"April"
2007,5,5,"April"
2007,4,4,"April"
2007,3,3,"April"
2007,4,4,"April"
2007,4,4,"April"
2007,4,4,"April"
2007,7,7,"April"
2007,3,3,"April"
2007,0,0,"April"
2007,3,2,"April"
2007,4,3,"April"
2007,2,2,"April"
2007,8,4,"April"
2007,8,7,"April"
2007,9,8,"April"
2007,5,4,"April"
2007,1,1,"April"
2007,3,3,"May"
2007,5,4,"May"
2007,0,0,"May"
2007,2,2,"May"
2007,4,4,"May"
2007,5,4,"May"
2007,4,4,"May"
2007,4,4,"May"
2007,5,5,"May"
2007,5,4,"May"
2007,2,2,"May"
2007,7,7,"May"
2007,2,2,"May"
2007,0,0,"May"
2007,3,2,"May"
2007,7,7,"May"
2007,8,6,"May"
2007,4,4,"May"
2007,6,5,"May"
2007,7,7,"May"
2007,3,3,"May"
2007,9,8,"May"
2007,1,1,"May"
2007,3,3,"May"
2007,8,6,"May"
2007,8,8,"May"
2007,5,5,"May"
2007,2,2,"May"
2007,4,4,"May"
2007,3,3,"May"
2007,4,4,"May"
2007,2,2,"June"
2007,1,1,"June"
2007,5,5,"June"
2007,5,5,"June"
2007,13,3,"June"
2007,4,4,"June"
2007,1,1,"June"
2007,13,6,"June"
2007,3,3,"June"
2007,0,0,"June"
2007,1,1,"June"
2007,2,2,"June"
2007,2,2,"June"
2007,4,3,"June"
2007,3,3,"June"
2007,10,10,"June"
2007,3,3,"June"
2007,3,3,"June"
2007,4,4,"June"
2007,8,7,"June"
2007,2,2,"June"
2007,7,6,"June"
2007,11,10,"June"
2007,6,6,"June"
2007,3,3,"June"
2007,4,4,"June"
2007,3,3,"June"
2007,1,1,"June"
2007,5,4,"June"
2007,3,3,"June"
2007,3,3,"July"
2007,4,4,"July"
2007,8,7,"July"
2007,2,2,"July"
2007,5,5,"July"
2007,7,7,"July"
2007,2,2,"July"
2007,3,2,"July"
2007,2,2,"July"
2007,3,2,"July"
2007,3,3,"July"
2007,2,2,"July"
2007,1,1,"July"
2007,6,6,"July"
2007,5,5,"July"
2007,3,3,"July"
2007,4,4,"July"
2007,5,5,"July"
2007,8,8,"July"
2007,9,9,"July"
2007,5,5,"July"
2007,4,4,"July"
2007,4,4,"July"
2007,3,3,"July"
2007,3,3,"July"
2007,4,4,"July"
2007,6,4,"July"
2007,5,5,"July"
2007,6,4,"July"
2007,6,6,"July"
2007,3,3,"July"
2007,3,3,"August"
2007,3,3,"August"
2007,1,1,"August"
2007,2,2,"August"
2007,3,3,"August"
2007,4,4,"August"
2007,5,5,"August"
2007,2,2,"August"
2007,4,2,"August"
2007,10,10,"August"
2007,2,2,"August"
2007,5,5,"August"
2007,3,2,"August"
2007,4,4,"August"
2007,4,3,"August"
2007,1,1,"August"
2007,7,6,"August"
2007,8,8,"August"
2007,4,3,"August"
2007,5,3,"August"
2007,2,2,"August"
2007,6,5,"August"
2007,1,1,"August"
2007,9,8,"August"
2007,3,3,"August"
2007,4,3,"August"
2007,8,7,"August"
2007,3,3,"August"
2007,4,4,"August"
2007,6,5,"August"
2007,2,2,"August"
2007,1,1,"September"
2007,1,1,"September"
2007,3,3,"September"
2007,2,2,"September"
2007,2,2,"September"
2007,9,9,"September"
2007,3,3,"September"
2007,4,4,"September"
2007,5,5,"September"
2007,1,1,"September"
2007,4,4,"September"
2007,2,2,"September"
2007,3,3,"September"
2007,7,6,"September"
2007,6,6,"September"
2007,7,7,"September"
2007,5,4,"September"
2007,1,1,"September"
2007,4,4,"September"
2007,4,3,"September"
2007,8,7,"September"
2007,6,5,"September"
2007,4,4,"September"
2007,5,5,"September"
2007,4,4,"September"
2007,1,1,"September"
2007,3,3,"September"
2007,5,5,"September"
2007,6,6,"September"
2007,4,3,"September"
2007,2,2,"October"
2007,3,2,"October"
2007,1,1,"October"
2007,2,2,"October"
2007,9,7,"October"
2007,7,3,"October"
2007,7,7,"October"
2007,4,4,"October"
2007,2,2,"October"
2007,2,2,"October"
2007,5,5,"October"
2007,2,2,"October"
2007,6,6,"October"
2007,6,6,"October"
2007,3,3,"October"
2007,5,5,"October"
2007,2,2,"October"
2007,2,2,"October"
2007,2,2,"October"
2007,1,1,"October"
2007,8,7,"October"
2007,7,7,"October"
2007,0,0,"October"
2007,4,3,"October"
2007,6,6,"October"
2007,1,1,"October"
2007,2,2,"October"
2007,4,3,"October"
2007,8,8,"October"
2007,5,5,"October"
2007,11,9,"October"
2007,1,1,"November"
2007,6,5,"November"
2007,6,5,"November"
2007,7,6,"November"
2007,3,3,"November"
2007,3,3,"November"
2007,4,4,"November"
2007,1,1,"November"
2007,3,2,"November"
2007,0,0,"November"
2007,8,8,"November"
2007,4,4,"November"
2007,4,4,"November"
2007,5,5,"November"
2007,2,2,"November"
2007,6,5,"November"
2007,11,8,"November"
2007,5,5,"November"
2007,0,0,"November"
2007,2,1,"November"
2007,7,7,"November"
2007,6,6,"November"
2007,2,2,"November"
2007,8,8,"November"
2007,4,4,"November"
2007,3,3,"November"
2007,4,4,"November"
2007,5,4,"November"
2007,5,4,"November"
2007,6,5,"November"
2007,9,9,"December"
2007,7,7,"December"
2007,3,2,"December"
2007,3,3,"December"
2007,6,5,"December"
2007,7,7,"December"
2007,13,5,"December"
2007,4,4,"December"
2007,10,5,"December"
2007,4,4,"December"
2007,5,5,"December"
2007,4,4,"December"
2007,9,9,"December"
2007,3,3,"December"
2007,2,2,"December"
2007,5,1,"December"
2007,5,5,"December"
2007,10,9,"December"
2007,5,4,"December"
2007,7,5,"December"
2007,11,10,"December"
2007,1,1,"December"
2007,1,1,"December"
2007,1,1,"December"
2007,2,2,"December"
2007,7,7,"December"
2007,5,5,"December"
2007,1,1,"December"
2007,6,6,"December"
2007,1,1,"December"
2007,1,1,"December"
2008,2,2,"January"
2008,0,0,"January"
2008,8,8,"January"
2008,1,1,"January"
2008,7,4,"January"
2008,6,6,"January"
2008,5,4,"January"
2008,3,2,"January"
2008,11,9,"January"
2008,1,1,"January"
2008,6,5,"January"
2008,1,1,"January"
2008,5,4,"January"
2008,3,3,"January"
2008,1,1,"January"
2008,1,1,"January"
2008,5,5,"January"
2008,4,4,"January"
2008,2,2,"January"
2008,2,2,"January"
2008,0,0,"January"
2008,4,3,"January"
2008,3,3,"January"
2008,1,1,"January"
2008,4,3,"January"
2008,2,2,"January"
2008,4,3,"January"
2008,6,6,"January"
2008,3,3,"January"
2008,8,7,"January"
2008,3,3,"January"
2008,4,3,"February"
2008,4,4,"February"
2008,1,1,"February"
2008,5,4,"February"
2008,2,2,"February"
2008,5,4,"February"
2008,5,4,"February"
2008,3,3,"February"
2008,6,6,"February"
2008,3,3,"February"
2008,6,6,"February"
2008,3,3,"February"
2008,2,2,"February"
2008,0,0,"February"
2008,1,1,"February"
2008,4,4,"February"
2008,5,5,"February"
2008,4,4,"February"
2008,2,2,"February"
2008,0,0,"February"
2008,1,1,"February"
2008,5,5,"February"
2008,8,7,"February"
2008,7,5,"February"
2008,2,2,"February"
2008,3,3,"February"
2008,3,3,"February"
2008,3,3,"February"
2008,6,4,"February"
2008,8,8,"March"
2008,8,6,"March"
2008,1,1,"March"
2008,2,2,"March"
2008,4,2,"March"
2008,5,5,"March"
2008,9,7,"March"
2008,8,8,"March"
2008,6,5,"March"
2008,4,4,"March"
2008,3,3,"March"
2008,1,1,"March"
2008,4,4,"March"
2008,5,3,"March"
2008,8,8,"March"
2008,8,8,"March"
2008,2,2,"March"
2008,3,3,"March"
2008,1,1,"March"
2008,2,2,"March"
2008,5,5,"March"
2008,6,5,"March"
2008,4,3,"March"
2008,3,2,"March"
2008,5,5,"March"
2008,4,3,"March"
2008,2,2,"March"
2008,4,4,"March"
2008,2,2,"March"
2008,3,3,"March"
2008,4,3,"March"
2008,2,2,"April"
2008,5,4,"April"
2008,2,2,"April"
2008,5,5,"April"
2008,13,13,"April"
2008,4,4,"April"
2008,3,3,"April"
2008,2,1,"April"
2008,3,3,"April"
2008,4,3,"April"
2008,7,7,"April"
2008,1,1,"April"
2008,3,3,"April"
2008,4,4,"April"
2008,1,1,"April"
2008,2,2,"April"
2008,2,2,"April"
2008,6,6,"April"
2008,6,6,"April"
2008,4,4,"April"
2008,1,1,"April"
2008,2,2,"April"
2008,3,3,"April"
2008,4,4,"April"
2008,4,3,"April"
2008,4,3,"April"
2008,7,6,"April"
2008,3,3,"April"
2008,1,1,"April"
2008,0,0,"April"
2008,5,5,"May"
2008,5,4,"May"
2008,7,6,"May"
2008,2,2,"May"
2008,4,4,"May"
2008,6,6,"May"
2008,5,5,"May"
2008,3,3,"May"
2008,3,3,"May"
2008,1,1,"May"
2008,3,3,"May"
2008,3,3,"May"
2008,5,5,"May"
2008,3,3,"May"
2008,2,2,"May"
2008,5,4,"May"
2008,7,7,"May"
2008,4,4,"May"
2008,2,2,"May"
2008,2,2,"May"
2008,1,1,"May"
2008,5,5,"May"
2008,4,4,"May"
2008,4,3,"May"
2008,4,4,"May"
2008,0,0,"May"
2008,4,4,"May"
2008,3,3,"May"
2008,3,3,"May"
2008,1,1,"May"
2008,2,2,"May"
2008,1,1,"June"
2008,3,3,"June"
2008,2,2,"June"
2008,2,2,"June"
2008,5,5,"June"
2008,3,3,"June"
2008,3,3,"June"
2008,7,7,"June"
2008,4,3,"June"
2008,3,3,"June"
2008,2,2,"June"
2008,10,9,"June"
2008,4,3,"June"
2008,4,3,"June"
2008,2,2,"June"
2008,5,5,"June"
2008,0,0,"June"
2008,3,3,"June"
2008,5,3,"June"
2008,9,8,"June"
2008,6,5,"June"
2008,9,9,"June"
2008,3,3,"June"
2008,1,1,"June"
2008,2,1,"June"
2008,3,3,"June"
2008,5,2,"June"
2008,8,6,"June"
2008,3,3,"June"
2008,7,6,"June"
2008,8,7,"July"
2008,1,1,"July"
2008,4,4,"July"
2008,3,3,"July"
2008,10,8,"July"
2008,3,3,"July"
2008,3,3,"July"
2008,3,3,"July"
2008,5,5,"July"
2008,2,2,"July"
2008,5,3,"July"
2008,3,3,"July"
2008,7,6,"July"
2008,2,2,"July"
2008,3,3,"July"
2008,1,1,"July"
2008,4,4,"July"
2008,4,3,"July"
2008,2,2,"July"
2008,4,4,"July"
2008,3,2,"July"
2008,1,1,"July"
2008,2,2,"July"
2008,3,3,"July"
2008,8,7,"July"
2008,8,8,"July"
2008,7,7,"July"
2008,5,4,"July"
2008,2,2,"July"
2008,5,5,"July"
2008,3,3,"July"
2008,6,6,"August"
2008,6,5,"August"
2008,3,3,"August"
2008,4,4,"August"
2008,4,3,"August"
2008,6,6,"August"
2008,7,7,"August"
2008,2,2,"August"
2008,4,4,"August"
2008,8,8,"August"
2008,4,4,"August"
2008,4,3,"August"
2008,3,3,"August"
2008,2,2,"August"
2008,6,5,"August"
2008,7,5,"August"
2008,2,2,"August"
2008,1,1,"August"
2008,5,5,"August"
2008,0,0,"August"
2008,3,3,"August"
2008,8,8,"August"
2008,9,7,"August"
2008,5,4,"August"
2008,1,1,"August"
2008,3,3,"August"
2008,1,1,"August"
2008,3,3,"August"
2008,7,5,"August"
2008,8,6,"August"
2008,7,7,"August"
2008,2,2,"September"
2008,2,2,"September"
2008,1,1,"September"
2008,7,5,"September"
2008,1,1,"September"
2008,5,4,"September"
2008,0,0,"September"
2008,1,1,"September"
2008,6,6,"September"
2008,3,3,"September"
2008,3,2,"September"
2008,6,6,"September"
2008,8,8,"September"
2008,2,2,"September"
2008,5,4,"September"
2008,3,3,"September"
2008,1,1,"September"
2008,7,6,"September"
2008,7,4,"September"
2008,5,3,"September"
2008,6,6,"September"
2008,1,1,"September"
2008,1,1,"September"
2008,5,5,"September"
2008,3,3,"September"
2008,2,2,"September"
2008,7,6,"September"
2008,7,7,"September"
2008,2,2,"September"
2008,1,1,"September"
2008,6,6,"October"
2008,8,7,"October"
2008,7,7,"October"
2008,2,2,"October"
2008,3,3,"October"
2008,5,4,"October"
2008,5,2,"October"
2008,6,6,"October"
2008,4,4,"October"
2008,6,5,"October"
2008,2,2,"October"
2008,5,4,"October"
2008,2,2,"October"
2008,5,5,"October"
2008,2,2,"October"
2008,1,1,"October"
2008,6,6,"October"
2008,3,3,"October"
2008,4,4,"October"
2008,0,0,"October"
2008,1,1,"October"
2008,1,1,"October"
2008,2,2,"October"
2008,6,5,"October"
2008,7,6,"October"
2008,9,9,"October"
2008,4,4,"October"
2008,2,1,"October"
2008,1,1,"October"
2008,8,6,"October"
2008,2,1,"October"
2008,5,5,"November"
2008,3,2,"November"
2008,2,2,"November"
2008,4,4,"November"
2008,5,4,"November"
2008,2,2,"November"
2008,3,2,"November"
2008,5,5,"November"
2008,6,6,"November"
2008,0,0,"November"
2008,1,1,"November"
2008,3,3,"November"
2008,6,6,"November"
2008,5,5,"November"
2008,3,3,"November"
2008,5,4,"November"
2008,2,2,"November"
2008,5,5,"November"
2008,2,2,"November"
2008,8,6,"November"
2008,6,5,"November"
2008,4,4,"November"
2008,3,3,"November"
2008,4,4,"November"
2008,1,1,"November"
2008,2,2,"November"
2008,9,8,"November"
2008,5,4,"November"
2008,4,4,"November"
2008,3,3,"November"
2008,2,2,"December"
2008,5,5,"December"
2008,7,6,"December"
2008,3,3,"December"
2008,3,3,"December"
2008,8,8,"December"
2008,1,1,"December"
2008,5,5,"December"
2008,1,1,"December"
2008,3,3,"December"
2008,5,5,"December"
2008,4,4,"December"
2008,8,7,"December"
2008,4,4,"December"
2008,4,4,"December"
2008,7,7,"December"
2008,3,3,"December"
2008,11,10,"December"
2008,5,5,"December"
2008,7,7,"December"
2008,5,5,"December"
2008,4,4,"December"
2008,5,5,"December"
2008,6,6,"December"
2008,3,3,"December"
2008,2,2,"December"
2008,2,2,"December"
2008,6,5,"December"
2008,1,1,"December"
2008,3,3,"December"
2008,1,1,"December"
2009,7,6,"January"
2009,1,1,"January"
2009,3,3,"January"
2009,4,4,"January"
2009,2,2,"January"
2009,2,2,"January"
2009,6,5,"January"
2009,0,0,"January"
2009,7,6,"January"
2009,1,1,"January"
2009,5,5,"January"
2009,0,0,"January"
2009,4,4,"January"
2009,2,2,"January"
2009,10,9,"January"
2009,3,3,"January"
2009,3,3,"January"
2009,5,5,"January"
2009,3,3,"January"
2009,0,0,"January"
2009,3,3,"January"
2009,4,4,"January"
2009,2,2,"January"
2009,2,2,"January"
2009,3,3,"January"
2009,6,6,"January"
2009,3,3,"January"
2009,7,5,"January"
2009,5,3,"January"
2009,4,4,"January"
2009,8,5,"January"
2009,2,2,"February"
2009,4,2,"February"
2009,3,3,"February"
2009,1,1,"February"
2009,1,1,"February"
2009,7,6,"February"
2009,11,11,"February"
2009,9,5,"February"
2009,1,1,"February"
2009,5,5,"February"
2009,8,8,"February"
2009,7,7,"February"
2009,7,7,"February"
2009,8,7,"February"
2009,3,2,"February"
2009,2,2,"February"
2009,4,4,"February"
2009,2,1,"February"
2009,4,4,"February"
2009,1,1,"February"
2009,3,3,"February"
2009,9,7,"February"
2009,3,3,"February"
2009,7,6,"February"
2009,0,0,"February"
2009,0,0,"February"
2009,2,2,"February"
2009,3,3,"February"
2009,4,3,"March"
2009,2,2,"March"
2009,1,1,"March"
2009,4,4,"March"
2009,7,7,"March"
2009,2,2,"March"
2009,2,2,"March"
2009,6,5,"March"
2009,2,2,"March"
2009,3,3,"March"
2009,3,3,"March"
2009,5,4,"March"
2009,4,3,"March"
2009,7,7,"March"
2009,6,6,"March"
2009,3,3,"March"
2009,2,2,"March"
2009,4,4,"March"
2009,3,3,"March"
2009,7,5,"March"
2009,2,2,"March"
2009,9,9,"March"
2009,4,3,"March"
2009,5,5,"March"
2009,10,8,"March"
2009,3,3,"March"
2009,2,2,"March"
2009,7,6,"March"
2009,5,4,"March"
2009,6,6,"March"
2009,2,2,"March"
2009,4,4,"April"
2009,6,6,"April"
2009,4,4,"April"
2009,6,5,"April"
2009,11,8,"April"
2009,2,2,"April"
2009,3,3,"April"
2009,7,7,"April"
2009,3,3,"April"
2009,5,5,"April"
2009,4,4,"April"
2009,3,2,"April"
2009,4,4,"April"
2009,5,4,"April"
2009,3,3,"April"
2009,9,6,"April"
2009,1,1,"April"
2009,6,5,"April"
2009,3,3,"April"
2009,2,2,"April"
2009,6,5,"April"
2009,3,3,"April"
2009,2,2,"April"
2009,15,13,"April"
2009,8,7,"April"
2009,5,4,"April"
2009,4,4,"April"
2009,5,5,"April"
2009,6,3,"April"
2009,8,7,"April"
2009,8,7,"May"
2009,5,3,"May"
2009,5,3,"May"
2009,5,5,"May"
2009,0,0,"May"
2009,5,5,"May"
2009,4,4,"May"
2009,12,8,"May"
2009,8,7,"May"
2009,3,3,"May"
2009,6,6,"May"
2009,6,6,"May"
2009,2,1,"May"
2009,3,3,"May"
2009,3,3,"May"
2009,3,3,"May"
2009,4,4,"May"
2009,2,2,"May"
2009,3,3,"May"
2009,1,1,"May"
2009,6,4,"May"
2009,7,4,"May"
2009,1,1,"May"
2009,5,5,"May"
2009,1,1,"May"
2009,6,6,"May"
2009,1,1,"May"
2009,3,3,"May"
2009,1,1,"May"
2009,7,6,"May"
2009,4,4,"May"
2009,1,1,"June"
2009,6,5,"June"
2009,5,5,"June"
2009,7,7,"June"
2009,2,2,"June"
2009,3,3,"June"
2009,11,9,"June"
2009,3,3,"June"
2009,3,3,"June"
2009,5,5,"June"
2009,5,4,"June"
2009,3,3,"June"
2009,9,9,"June"
2009,3,3,"June"
2009,3,3,"June"
2009,4,3,"June"
2009,3,3,"June"
2009,2,2,"June"
2009,4,4,"June"
2009,7,5,"June"
2009,3,3,"June"
2009,6,5,"June"
2009,4,4,"June"
2009,0,0,"June"
2009,2,2,"June"
2009,5,5,"June"
2009,1,1,"June"
2009,11,8,"June"
2009,4,3,"June"
2009,6,5,"June"
2009,3,3,"July"
2009,3,3,"July"
2009,3,3,"July"
2009,3,3,"July"
2009,4,4,"July"
2009,2,2,"July"
2009,3,3,"July"
2009,1,1,"July"
2009,15,10,"July"
2009,6,6,"July"
2009,3,2,"July"
2009,2,2,"July"
2009,1,1,"July"
2009,3,3,"July"
2009,2,2,"July"
2009,4,4,"July"
2009,5,4,"July"
2009,3,2,"July"
2009,3,2,"July"
2009,2,2,"July"
2009,2,1,"July"
2009,6,5,"July"
2009,4,4,"July"
2009,1,1,"July"
2009,4,4,"July"
2009,2,2,"July"
2009,3,3,"July"
2009,7,6,"July"
2009,2,2,"July"
2009,3,3,"July"
2009,4,4,"July"
2009,9,7,"August"
2009,7,7,"August"
2009,2,2,"August"
2009,2,2,"August"
2009,3,3,"August"
2009,2,2,"August"
2009,4,4,"August"
2009,6,6,"August"
2009,2,2,"August"
2009,3,3,"August"
2009,5,4,"August"
2009,3,3,"August"
2009,8,7,"August"
2009,4,4,"August"
2009,1,1,"August"
2009,5,4,"August"
2009,4,4,"August"
2009,0,0,"August"
2009,2,1,"August"
2009,6,6,"August"
2009,3,3,"August"
2009,3,3,"August"
2009,2,2,"August"
2009,0,0,"August"
2009,3,3,"August"
2009,0,0,"August"
2009,9,7,"August"
2009,11,8,"August"
2009,2,2,"August"
2009,3,3,"August"
2009,3,2,"August"
2009,4,4,"September"
2009,3,3,"September"
2009,0,0,"September"
2009,2,2,"September"
2009,4,4,"September"
2009,6,6,"September"
2009,3,3,"September"
2009,2,2,"September"
2009,5,5,"September"
2009,2,2,"September"
2009,5,4,"September"
2009,6,6,"September"
2009,4,4,"September"
2009,5,5,"September"
2009,4,3,"September"
2009,5,5,"September"
2009,6,5,"September"
2009,5,4,"September"
2009,6,5,"September"
2009,2,2,"September"
2009,0,0,"September"
2009,2,2,"September"
2009,2,2,"September"
2009,3,3,"September"
2009,3,3,"September"
2009,3,2,"September"
2009,5,4,"September"
2009,5,4,"September"
2009,6,6,"September"
2009,5,4,"September"
2009,2,2,"October"
2009,6,5,"October"
2009,5,5,"October"
2009,5,5,"October"
2009,2,2,"October"
2009,1,1,"October"
2009,6,5,"October"
2009,4,4,"October"
2009,2,2,"October"
2009,4,3,"October"
2009,6,6,"October"
2009,8,6,"October"
2009,3,3,"October"
2009,3,3,"October"
2009,3,3,"October"
2009,7,6,"October"
2009,9,9,"October"
2009,3,3,"October"
2009,5,5,"October"
2009,6,5,"October"
2009,3,3,"October"
2009,5,5,"October"
2009,5,4,"October"
2009,1,1,"October"
2009,2,2,"October"
2009,8,8,"October"
2009,9,7,"October"
2009,5,5,"October"
2009,4,4,"October"
2009,6,5,"October"
2009,5,5,"October"
2009,4,4,"November"
2009,2,2,"November"
2009,2,2,"November"
2009,2,2,"November"
2009,3,3,"November"
2009,4,4,"November"
2009,5,5,"November"
2009,1,1,"November"
2009,0,0,"November"
2009,3,3,"November"
2009,3,3,"November"
2009,9,9,"November"
2009,1,1,"November"
2009,2,2,"November"
2009,9,6,"November"
2009,2,2,"November"
2009,3,3,"November"
2009,3,3,"November"
2009,8,6,"November"
2009,7,7,"November"
2009,5,5,"November"
2009,2,2,"November"
2009,6,6,"November"
2009,4,4,"November"
2009,3,3,"November"
2009,5,5,"November"
2009,1,1,"November"
2009,3,3,"November"
2009,4,4,"November"
2009,1,1,"November"
2009,4,4,"December"
2009,2,2,"December"
2009,0,0,"December"
2009,4,3,"December"
2009,5,5,"December"
2009,11,6,"December"
2009,1,1,"December"
2009,3,3,"December"
2009,3,3,"December"
2009,4,4,"December"
2009,2,2,"December"
2009,3,3,"December"
2009,8,8,"December"
2009,2,2,"December"
2009,2,2,"December"
2009,4,4,"December"
2009,4,4,"December"
2009,8,7,"December"
2009,10,10,"December"
2009,7,7,"December"
2009,3,3,"December"
2009,4,3,"December"
2009,5,5,"December"
2009,2,2,"December"
2009,3,3,"December"
2009,3,3,"December"
2009,3,3,"December"
2009,6,3,"December"
2009,2,2,"December"
2009,3,3,"December"
2009,3,3,"December"
2010,3,3,"January"
2010,3,3,"January"
2010,1,1,"January"
2010,7,6,"January"
2010,6,4,"January"
2010,2,2,"January"
2010,4,3,"January"
2010,1,1,"January"
2010,5,4,"January"
2010,7,5,"January"
2010,0,0,"January"
2010,9,5,"January"
2010,2,2,"January"
2010,3,2,"January"
2010,3,2,"January"
2010,4,2,"January"
2010,6,2,"January"
2010,3,3,"January"
2010,1,1,"January"
2010,1,1,"January"
2010,5,5,"January"
2010,8,7,"January"
2010,8,7,"January"
2010,0,0,"January"
2010,2,2,"January"
2010,8,6,"January"
2010,2,2,"January"
2010,5,4,"January"
2010,6,6,"January"
2010,6,6,"January"
2010,5,5,"January"
2010,2,2,"February"
2010,0,0,"February"
2010,2,2,"February"
2010,8,8,"February"
2010,8,6,"February"
2010,3,3,"February"
2010,9,7,"February"
2010,2,2,"February"
2010,2,2,"February"
2010,3,3,"February"
2010,3,3,"February"
2010,4,4,"February"
2010,4,4,"February"
2010,1,1,"February"
2010,2,2,"February"
2010,2,2,"February"
2010,4,3,"February"
2010,4,3,"February"
2010,4,4,"February"
2010,3,3,"February"
2010,5,5,"February"
2010,1,1,"February"
2010,2,2,"February"
2010,3,3,"February"
2010,2,2,"February"
2010,4,4,"February"
2010,7,7,"February"
2010,4,4,"February"
2010,3,2,"March"
2010,2,2,"March"
2010,4,4,"March"
2010,0,0,"March"
2010,6,6,"March"
2010,5,5,"March"
2010,2,2,"March"
2010,3,3,"March"
2010,4,3,"March"
2010,1,1,"March"
2010,2,2,"March"
2010,8,7,"March"
2010,7,7,"March"
2010,2,2,"March"
2010,1,1,"March"
2010,3,3,"March"
2010,6,6,"March"
2010,3,3,"March"
2010,1,1,"March"
2010,8,5,"March"
2010,2,2,"March"
2010,2,2,"March"
2010,3,3,"March"
2010,4,4,"March"
2010,1,1,"March"
2010,8,8,"March"
2010,4,4,"March"
2010,5,5,"March"
2010,2,2,"March"
2010,1,1,"March"
2010,1,1,"March"
2010,2,2,"April"
2010,4,3,"April"
2010,3,3,"April"
2010,2,2,"April"
2010,2,2,"April"
2010,1,1,"April"
2010,4,4,"April"
2010,5,5,"April"
2010,4,3,"April"
2010,6,6,"April"
2010,4,4,"April"
2010,7,5,"April"
2010,3,3,"April"
2010,2,2,"April"
2010,2,2,"April"
2010,5,5,"April"
2010,5,5,"April"
2010,6,5,"April"
2010,5,4,"April"
2010,0,0,"April"
2010,7,6,"April"
2010,7,6,"April"
2010,5,4,"April"
2010,6,5,"April"
2010,3,3,"April"
2010,1,1,"April"
2010,0,0,"April"
2010,4,4,"April"
2010,5,5,"April"
2010,5,5,"April"
2010,2,2,"May"
2010,5,5,"May"
2010,2,2,"May"
2010,2,2,"May"
2010,4,3,"May"
2010,8,6,"May"
2010,2,2,"May"
2010,8,7,"May"
2010,3,3,"May"
2010,5,5,"May"
2010,10,9,"May"
2010,2,2,"May"
2010,5,4,"May"
2010,6,6,"May"
2010,8,8,"May"
2010,4,4,"May"
2010,2,2,"May"
2010,2,2,"May"
2010,2,2,"May"
2010,3,3,"May"
2010,3,3,"May"
2010,12,9,"May"
2010,3,3,"May"
2010,2,2,"May"
2010,4,4,"May"
2010,6,6,"May"
2010,4,4,"May"
2010,3,3,"May"
2010,8,7,"May"
2010,3,3,"May"
2010,1,1,"May"
2010,3,3,"June"
2010,1,1,"June"
2010,7,6,"June"
2010,2,2,"June"
2010,5,5,"June"
2010,7,5,"June"
2010,3,3,"June"
2010,3,3,"June"
2010,5,3,"June"
2010,2,2,"June"
2010,2,2,"June"
2010,8,8,"June"
2010,5,5,"June"
2010,5,5,"June"
2010,2,2,"June"
2010,3,3,"June"
2010,2,2,"June"
2010,6,5,"June"
2010,7,7,"June"
2010,1,1,"June"
2010,1,1,"June"
2010,2,2,"June"
2010,7,4,"June"
2010,2,2,"June"
2010,5,3,"June"
2010,3,3,"June"
2010,6,4,"June"
2010,4,4,"June"
2010,1,1,"June"
2010,1,1,"June"
2010,2,2,"July"
2010,5,5,"July"
2010,9,7,"July"
2010,5,5,"July"
2010,3,3,"July"
2010,2,2,"July"
2010,2,2,"July"
2010,1,1,"July"
2010,1,1,"July"
2010,3,3,"July"
2010,3,3,"July"
2010,6,5,"July"
2010,2,2,"July"
2010,2,2,"July"
2010,2,2,"July"
2010,3,3,"July"
2010,4,4,"July"
2010,2,2,"July"
2010,4,4,"July"
2010,1,1,"July"
2010,2,2,"July"
2010,4,4,"July"
2010,5,5,"July"
2010,4,3,"July"
2010,9,9,"July"
2010,4,4,"July"
2010,3,3,"July"
2010,2,2,"July"
2010,3,3,"July"
2010,6,5,"July"
2010,3,3,"July"
2010,3,3,"August"
2010,4,4,"August"
2010,4,3,"August"
2010,4,4,"August"
2010,2,1,"August"
2010,0,0,"August"
2010,5,5,"August"
2010,2,2,"August"
2010,0,0,"August"
2010,3,3,"August"
2010,1,1,"August"
2010,2,2,"August"
2010,5,5,"August"
2010,8,7,"August"
2010,4,4,"August"
2010,3,3,"August"
2010,1,1,"August"
2010,2,2,"August"
2010,4,2,"August"
2010,3,3,"August"
2010,8,7,"August"
2010,4,4,"August"
2010,3,3,"August"
2010,0,0,"August"
2010,1,1,"August"
2010,1,1,"August"
2010,8,8,"August"
2010,0,0,"August"
2010,2,2,"August"
2010,3,3,"August"
2010,4,4,"August"
2010,3,3,"September"
2010,2,2,"September"
2010,5,5,"September"
2010,4,4,"September"
2010,3,3,"September"
2010,4,4,"September"
2010,7,6,"September"
2010,5,4,"September"
2010,3,3,"September"
2010,0,0,"September"
2010,4,4,"September"
2010,5,5,"September"
2010,2,2,"September"
2010,5,3,"September"
2010,0,0,"September"
2010,7,5,"September"
2010,3,3,"September"
2010,3,3,"September"
2010,1,1,"September"
2010,4,4,"September"
2010,0,0,"September"
2010,2,2,"September"
2010,5,4,"September"
2010,4,4,"September"
2010,6,5,"September"
2010,4,4,"September"
2010,2,2,"September"
2010,5,5,"September"
2010,4,4,"September"
2010,2,2,"September"
2010,7,4,"October"
2010,4,4,"October"
2010,8,7,"October"
2010,4,4,"October"
2010,2,2,"October"
2010,2,2,"October"
2010,8,7,"October"
2010,3,3,"October"
2010,4,4,"October"
2010,7,6,"October"
2010,3,3,"October"
2010,4,3,"October"
2010,6,6,"October"
2010,5,4,"October"
2010,3,3,"October"
2010,6,6,"October"
2010,3,2,"October"
2010,3,3,"October"
2010,2,2,"October"
2010,5,5,"October"
2010,1,1,"October"
2010,8,5,"October"
2010,1,1,"October"
2010,1,1,"October"
2010,1,1,"October"
2010,0,0,"October"
2010,2,2,"October"
2010,2,2,"October"
2010,3,3,"October"
2010,6,6,"October"
2010,7,7,"October"
2010,11,10,"November"
2010,6,5,"November"
2010,4,3,"November"
2010,4,4,"November"
2010,3,3,"November"
2010,6,4,"November"
2010,3,3,"November"
2010,3,3,"November"
2010,1,1,"November"
2010,2,2,"November"
2010,4,4,"November"
2010,3,3,"November"
2010,3,3,"November"
2010,5,5,"November"
2010,5,5,"November"
2010,5,5,"November"
2010,2,2,"November"
2010,4,4,"November"
2010,4,4,"November"
2010,5,5,"November"
2010,9,8,"November"
2010,2,2,"November"
2010,0,0,"November"
2010,4,4,"November"
2010,4,4,"November"
2010,5,5,"November"
2010,2,2,"November"
2010,4,3,"November"
2010,1,1,"November"
2010,5,5,"November"
2010,4,4,"December"
2010,8,6,"December"
2010,2,2,"December"
2010,9,7,"December"
2010,5,5,"December"
2010,4,3,"December"
2010,4,4,"December"
2010,1,1,"December"
2010,6,5,"December"
2010,2,2,"December"
2010,8,7,"December"
2010,3,3,"December"
2010,5,5,"December"
2010,5,4,"December"
2010,2,2,"December"
2010,6,5,"December"
2010,4,4,"December"
2010,3,3,"December"
2010,5,4,"December"
2010,2,2,"December"
2010,4,4,"December"
2010,6,5,"December"
2010,5,4,"December"
2010,3,3,"December"
2010,5,5,"December"
2010,2,2,"December"
2010,1,1,"December"
2010,1,1,"December"
2010,0,0,"December"
2010,0,0,"December"
2010,5,4,"December"
2011,5,5,"January"
2011,3,3,"January"
2011,2,2,"January"
2011,3,3,"January"
2011,3,3,"January"
2011,0,0,"January"
2011,3,3,"January"
2011,1,1,"January"
2011,2,2,"January"
2011,1,1,"January"
2011,3,3,"January"
2011,7,5,"January"
2011,6,5,"January"
2011,1,1,"January"
2011,2,2,"January"
2011,3,1,"January"
2011,2,2,"January"
2011,2,2,"January"
2011,1,1,"January"
2011,3,3,"January"
2011,2,2,"January"
2011,6,6,"January"
2011,5,5,"January"
2011,0,0,"January"
2011,2,2,"January"
2011,8,5,"January"
2011,1,1,"January"
2011,2,2,"January"
2011,3,3,"January"
2011,3,3,"January"
2011,5,5,"January"
2011,5,5,"February"
2011,3,3,"February"
2011,7,6,"February"
2011,3,3,"February"
2011,3,3,"February"
2011,8,8,"February"
2011,2,1,"February"
2011,2,2,"February"
2011,3,3,"February"
2011,3,3,"February"
2011,4,4,"February"
2011,9,8,"February"
2011,5,5,"February"
2011,3,3,"February"
2011,2,2,"February"
2011,6,4,"February"
2011,2,1,"February"
2011,4,4,"February"
2011,3,3,"February"
2011,4,4,"February"
2011,1,1,"February"
2011,2,2,"February"
2011,4,4,"February"
2011,3,3,"February"
2011,1,1,"February"
2011,2,2,"February"
2011,0,0,"February"
2011,5,5,"February"
2011,3,3,"March"
2011,0,0,"March"
2011,2,2,"March"
2011,7,5,"March"
2011,3,3,"March"
2011,4,4,"March"
2011,3,3,"March"
2011,4,4,"March"
2011,0,0,"March"
2011,3,3,"March"
2011,3,3,"March"
2011,9,8,"March"
2011,1,1,"March"
2011,0,0,"March"
2011,5,4,"March"
2011,6,5,"March"
2011,2,2,"March"
2011,7,7,"March"
2011,7,6,"March"
2011,2,2,"March"
2011,2,2,"March"
2011,2,2,"March"
2011,6,6,"March"
2011,2,2,"March"
2011,4,4,"March"
2011,8,5,"March"
2011,1,1,"March"
2011,3,3,"March"
2011,6,5,"March"
2011,2,2,"March"
2011,5,4,"March"
2011,1,1,"April"
2011,4,4,"April"
2011,0,0,"April"
2011,4,3,"April"
2011,4,4,"April"
2011,0,0,"April"
2011,5,5,"April"
2011,8,5,"April"
2011,4,4,"April"
2011,7,6,"April"
2011,1,1,"April"
2011,3,2,"April"
2011,3,3,"April"
2011,9,9,"April"
2011,3,3,"April"
2011,5,5,"April"
2011,6,5,"April"
2011,5,4,"April"
2011,3,2,"April"
2011,0,0,"April"
2011,7,7,"April"
2011,3,3,"April"
2011,3,3,"April"
2011,4,4,"April"
2011,4,3,"April"
2011,3,3,"April"
2011,3,3,"April"
2011,2,2,"April"
2011,1,1,"April"
2011,10,9,"April"
2011,5,4,"May"
2011,3,3,"May"
2011,2,2,"May"
2011,2,2,"May"
2011,2,2,"May"
2011,0,0,"May"
2011,5,5,"May"
2011,2,2,"May"
2011,4,3,"May"
2011,2,2,"May"
2011,3,3,"May"
2011,6,6,"May"
2011,4,3,"May"
2011,6,6,"May"
2011,3,3,"May"
2011,1,1,"May"
2011,4,4,"May"
2011,4,4,"May"
2011,2,2,"May"
2011,4,4,"May"
2011,4,4,"May"
2011,6,5,"May"
2011,1,1,"May"
2011,5,4,"May"
2011,3,3,"May"
2011,2,2,"May"
2011,6,6,"May"
2011,8,5,"May"
2011,1,1,"May"
2011,6,6,"May"
2011,3,3,"May"
2011,2,2,"June"
2011,1,1,"June"
2011,2,2,"June"
2011,3,3,"June"
2011,1,1,"June"
2011,4,4,"June"
2011,3,3,"June"
2011,1,1,"June"
2011,5,4,"June"
2011,10,8,"June"
2011,2,2,"June"
2011,4,4,"June"
2011,3,3,"June"
2011,0,0,"June"
2011,8,5,"June"
2011,4,4,"June"
2011,6,6,"June"
2011,4,4,"June"
2011,4,4,"June"
2011,3,3,"June"
2011,2,2,"June"
2011,7,6,"June"
2011,5,4,"June"
2011,1,1,"June"
2011,1,1,"June"
2011,6,6,"June"
2011,0,0,"June"
2011,4,4,"June"
2011,3,2,"June"
2011,6,5,"June"
2011,1,1,"July"
2011,0,0,"July"
2011,6,5,"July"
2011,5,5,"July"
2011,0,0,"July"
2011,5,5,"July"
2011,4,4,"July"
2011,6,5,"July"
2011,4,4,"July"
2011,4,3,"July"
2011,3,3,"July"
2011,5,4,"July"
2011,1,1,"July"
2011,3,3,"July"
2011,2,2,"July"
2011,4,4,"July"
2011,7,6,"July"
2011,3,3,"July"
2011,4,4,"July"
2011,4,4,"July"
2011,2,2,"July"
2011,7,5,"July"
2011,0,0,"July"
2011,3,3,"July"
2011,1,1,"July"
2011,2,2,"July"
2011,4,3,"July"
2011,3,3,"July"
2011,2,2,"July"
2011,2,2,"July"
2011,3,3,"July"
2011,2,2,"August"
2011,0,0,"August"
2011,5,4,"August"
2011,4,4,"August"
2011,5,5,"August"
2011,4,4,"August"
2011,5,3,"August"
2011,5,5,"August"
2011,2,2,"August"
2011,3,3,"August"
2011,3,3,"August"
2011,2,2,"August"
2011,5,4,"August"
2011,8,7,"August"
2011,5,3,"August"
2011,4,4,"August"
2011,1,1,"August"
2011,5,3,"August"
2011,7,6,"August"
2011,3,3,"August"
2011,2,2,"August"
2011,1,1,"August"
2011,2,1,"August"
2011,3,3,"August"
2011,1,1,"August"
2011,3,3,"August"
2011,3,3,"August"
2011,8,7,"August"
2011,4,4,"August"
2011,3,3,"August"
2011,2,2,"August"
2011,4,4,"September"
2011,3,3,"September"
2011,4,3,"September"
2011,1,1,"September"
2011,4,4,"September"
2011,3,3,"September"
2011,3,3,"September"
2011,2,2,"September"
2011,2,2,"September"
2011,10,7,"September"
2011,2,2,"September"
2011,2,2,"September"
2011,3,3,"September"
2011,1,1,"September"
2011,5,5,"September"
2011,4,4,"September"
2011,2,2,"September"
2011,2,2,"September"
2011,2,2,"September"
2011,2,2,"September"
2011,1,1,"September"
2011,4,3,"September"
2011,2,2,"September"
2011,5,5,"September"
2011,2,1,"September"
2011,4,4,"September"
2011,3,3,"September"
2011,1,1,"September"
2011,2,2,"September"
2011,4,4,"September"
2011,3,3,"October"
2011,7,5,"October"
2011,3,3,"October"
2011,1,1,"October"
2011,2,2,"October"
2011,2,2,"October"
2011,1,1,"October"
2011,7,6,"October"
2011,8,7,"October"
2011,3,3,"October"
2011,0,0,"October"
2011,0,0,"October"
2011,2,2,"October"
2011,2,2,"October"
2011,3,3,"October"
2011,3,2,"October"
2011,0,0,"October"
2011,0,0,"October"
2011,2,2,"October"
2011,3,3,"October"
2011,2,2,"October"
2011,4,4,"October"
2011,4,4,"October"
2011,3,3,"October"
2011,1,1,"October"
2011,1,1,"October"
2011,5,5,"October"
2011,6,5,"October"
2011,2,2,"October"
2011,7,3,"October"
2011,4,4,"October"
2011,3,3,"November"
2011,0,0,"November"
2011,1,1,"November"
2011,5,3,"November"
2011,8,8,"November"
2011,3,3,"November"
2011,6,6,"November"
2011,4,4,"November"
2011,2,2,"November"
2011,6,6,"November"
2011,8,4,"November"
2011,11,5,"November"
2011,8,7,"November"
2011,3,3,"November"
2011,4,4,"November"
2011,5,5,"November"
2011,5,4,"November"
2011,8,5,"November"
2011,8,6,"November"
2011,1,1,"November"
2011,4,4,"November"
2011,3,3,"November"
2011,4,3,"November"
2011,2,2,"November"
2011,3,3,"November"
2011,5,4,"November"
2011,7,7,"November"
2011,1,1,"November"
2011,4,3,"November"
2011,3,3,"November"
2011,2,2,"December"
2011,3,1,"December"
2011,5,4,"December"
2011,4,4,"December"
2011,3,3,"December"
2011,8,5,"December"
2011,2,2,"December"
2011,4,4,"December"
2011,5,4,"December"
2011,6,6,"December"
2011,6,5,"December"
2011,1,1,"December"
2011,2,2,"December"
2011,2,2,"December"
2011,2,2,"December"
2011,6,6,"December"
2011,2,2,"December"
2011,5,5,"December"
2011,1,1,"December"
2011,3,2,"December"
2011,7,6,"December"
2011,3,3,"December"
2011,3,3,"December"
2011,6,5,"December"
2011,12,10,"December"
2011,2,2,"December"
2011,2,2,"December"
2011,2,2,"December"
2011,5,4,"December"
2011,4,4,"December"
2011,4,4,"December"
2012,4,3,"January"
2012,1,1,"January"
2012,4,4,"January"
2012,2,2,"January"
2012,1,1,"January"
2012,1,1,"January"
2012,3,3,"January"
2012,4,3,"January"
2012,4,3,"January"
2012,2,2,"January"
2012,4,3,"January"
2012,5,5,"January"
2012,4,4,"January"
2012,2,2,"January"
2012,5,5,"January"
2012,6,6,"January"
2012,1,1,"January"
2012,7,7,"January"
2012,0,0,"January"
2012,4,4,"January"
2012,6,4,"January"
2012,2,2,"January"
2012,4,4,"January"
2012,9,7,"January"
2012,2,2,"January"
2012,6,6,"January"
2012,5,4,"January"
2012,2,2,"January"
2012,1,1,"January"
2012,3,3,"January"
2012,3,3,"January"
2012,3,3,"February"
2012,1,1,"February"
2012,4,4,"February"
2012,4,4,"February"
2012,2,2,"February"
2012,3,3,"February"
2012,1,1,"February"
2012,2,2,"February"
2012,2,2,"February"
2012,3,3,"February"
2012,5,5,"February"
2012,2,2,"February"
2012,5,5,"February"
2012,2,2,"February"
2012,4,3,"February"
2012,3,3,"February"
2012,3,3,"February"
2012,6,6,"February"
2012,8,8,"February"
2012,3,3,"February"
2012,1,1,"February"
2012,3,3,"February"
2012,4,4,"February"
2012,3,3,"February"
2012,4,4,"February"
2012,3,3,"February"
2012,3,3,"February"
2012,2,2,"February"
2012,5,4,"February"
2012,0,0,"March"
2012,1,1,"March"
2012,5,5,"March"
2012,5,5,"March"
2012,1,1,"March"
2012,0,0,"March"
2012,5,4,"March"
2012,4,4,"March"
2012,8,6,"March"
2012,5,5,"March"
2012,3,2,"March"
2012,2,2,"March"
2012,0,0,"March"
2012,10,8,"March"
2012,1,1,"March"
2012,4,3,"March"
2012,8,7,"March"
2012,5,5,"March"
2012,1,1,"March"
2012,4,3,"March"
2012,2,2,"March"
2012,3,2,"March"
2012,4,4,"March"
2012,4,4,"March"
2012,4,4,"March"
2012,1,1,"March"
2012,1,1,"March"
2012,3,3,"March"
2012,2,2,"March"
2012,3,3,"March"
2012,2,2,"March"
2012,5,5,"April"
2012,1,1,"April"
2012,3,3,"April"
2012,5,5,"April"
2012,1,1,"April"
2012,1,1,"April"
2012,5,3,"April"
2012,5,5,"April"
2012,0,0,"April"
2012,5,5,"April"
2012,2,2,"April"
2012,3,3,"April"
2012,6,6,"April"
2012,1,1,"April"
2012,2,2,"April"
2012,3,3,"April"
2012,2,2,"April"
2012,3,3,"April"
2012,2,2,"April"
2012,4,4,"April"
2012,6,6,"April"
2012,5,4,"April"
2012,6,5,"April"
2012,4,4,"April"
2012,1,1,"April"
2012,4,3,"April"
2012,9,9,"April"
2012,7,6,"April"
2012,1,1,"April"
2012,4,4,"April"
2012,4,4,"May"
2012,2,2,"May"
2012,11,9,"May"
2012,5,5,"May"
2012,5,4,"May"
2012,1,1,"May"
2012,4,4,"May"
2012,7,6,"May"
2012,2,2,"May"
2012,3,2,"May"
2012,7,7,"May"
2012,1,1,"May"
2012,2,2,"May"
2012,2,2,"May"
2012,6,6,"May"
2012,2,2,"May"
2012,1,1,"May"
2012,3,3,"May"
2012,6,6,"May"
2012,3,3,"May"
2012,4,4,"May"
2012,1,1,"May"
2012,4,4,"May"
2012,4,3,"May"
2012,4,4,"May"
2012,8,8,"May"
2012,0,0,"May"
2012,1,1,"May"
2012,1,1,"May"
2012,4,4,"May"
2012,6,3,"May"
2012,3,2,"June"
2012,1,1,"June"
2012,6,6,"June"
2012,6,6,"June"
2012,8,7,"June"
2012,0,0,"June"
2012,4,4,"June"
2012,5,5,"June"
2012,6,5,"June"
2012,1,1,"June"
2012,4,4,"June"
2012,1,1,"June"
2012,6,6,"June"
2012,3,3,"June"
2012,5,4,"June"
2012,2,2,"June"
2012,6,6,"June"
2012,2,2,"June"
2012,2,2,"June"
2012,5,5,"June"
2012,3,3,"June"
2012,4,4,"June"
2012,4,4,"June"
2012,1,1,"June"
2012,1,1,"June"
2012,3,3,"June"
2012,3,3,"June"
2012,3,3,"June"
2012,4,4,"June"
2012,5,4,"June"
2012,3,3,"July"
2012,1,1,"July"
2012,2,2,"July"
2012,4,4,"July"
2012,3,3,"July"
2012,0,0,"July"
2012,4,3,"July"
2012,5,5,"July"
2012,4,3,"July"
2012,3,3,"July"
2012,4,3,"July"
2012,5,5,"July"
2012,3,3,"July"
2012,6,5,"July"
2012,2,2,"July"
2012,1,1,"July"
2012,4,4,"July"
2012,1,1,"July"
2012,4,4,"July"
2012,2,2,"July"
2012,3,3,"July"
2012,1,1,"July"
2012,6,6,"July"
2012,2,2,"July"
2012,1,1,"July"
2012,2,2,"July"
2012,4,4,"July"
2012,5,5,"July"
2012,2,2,"July"
2012,0,0,"July"
2012,2,2,"July"
2012,5,4,"August"
2012,3,3,"August"
2012,4,3,"August"
2012,5,5,"August"
2012,2,2,"August"
2012,5,5,"August"
2012,2,2,"August"
2012,3,3,"August"
2012,1,1,"August"
2012,10,7,"August"
2012,5,3,"August"
2012,1,1,"August"
2012,3,3,"August"
2012,2,2,"August"
2012,2,2,"August"
2012,6,6,"August"
2012,3,3,"August"
2012,10,7,"August"
2012,9,7,"August"
2012,3,3,"August"
2012,4,4,"August"
2012,1,1,"August"
2012,4,4,"August"
2012,2,2,"August"
2012,9,6,"August"
2012,7,5,"August"
2012,1,1,"August"
2012,3,3,"August"
2012,2,2,"August"
2012,5,5,"August"
2012,4,4,"August"
2012,5,5,"September"
2012,4,3,"September"
2012,4,4,"September"
2012,4,4,"September"
2012,3,3,"September"
2012,2,2,"September"
2012,1,1,"September"
2012,3,3,"September"
2012,6,6,"September"
2012,2,2,"September"
2012,1,1,"September"
2012,8,5,"September"
2012,1,1,"September"
2012,7,6,"September"
2012,5,5,"September"
2012,2,2,"September"
2012,1,1,"September"
2012,2,2,"September"
2012,1,1,"September"
2012,3,3,"September"
2012,10,10,"September"
2012,6,6,"September"
2012,2,2,"September"
2012,3,3,"September"
2012,5,5,"September"
2012,2,2,"September"
2012,1,1,"September"
2012,4,4,"September"
2012,3,3,"September"
2012,8,4,"September"
2012,5,5,"October"
2012,5,4,"October"
2012,2,2,"October"
2012,2,2,"October"
2012,7,5,"October"
2012,2,2,"October"
2012,3,3,"October"
2012,2,2,"October"
2012,3,3,"October"
2012,4,4,"October"
2012,1,1,"October"
2012,4,4,"October"
2012,5,5,"October"
2012,6,6,"October"
2012,8,5,"October"
2012,3,3,"October"
2012,6,6,"October"
2012,1,1,"October"
2012,8,5,"October"
2012,3,3,"October"
2012,3,3,"October"
2012,0,0,"October"
2012,4,3,"October"
2012,3,3,"October"
2012,4,4,"October"
2012,4,4,"October"
2012,2,2,"October"
2012,2,2,"October"
2012,5,5,"October"
2012,8,8,"October"
2012,2,2,"October"
2012,1,1,"November"
2012,4,3,"November"
2012,5,3,"November"
2012,1,1,"November"
2012,1,1,"November"
2012,4,3,"November"
2012,3,3,"November"
2012,7,3,"November"
2012,5,5,"November"
2012,2,2,"November"
2012,1,1,"November"
2012,0,0,"November"
2012,3,3,"November"
2012,5,4,"November"
2012,3,3,"November"
2012,8,8,"November"
2012,7,6,"November"
2012,5,5,"November"
2012,4,4,"November"
2012,3,3,"November"
2012,4,4,"November"
2012,8,8,"November"
2012,5,5,"November"
2012,7,3,"November"
2012,4,4,"November"
2012,4,4,"November"
2012,2,2,"November"
2012,1,1,"November"
2012,4,4,"November"
2012,7,7,"November"
2012,6,6,"December"
2012,1,1,"December"
2012,0,0,"December"
2012,6,5,"December"
2012,4,3,"December"
2012,3,3,"December"
2012,1,1,"December"
2012,11,3,"December"
2012,4,4,"December"
2012,1,1,"December"
2012,7,7,"December"
2012,2,2,"December"
2012,1,1,"December"
2012,4,4,"December"
2012,6,5,"December"
2012,0,0,"December"
2012,2,2,"December"
2012,4,4,"December"
2012,2,2,"December"
2012,1,1,"December"
2012,2,2,"December"
2012,4,2,"December"
2012,5,5,"December"
2012,4,4,"December"
2012,2,2,"December"
2012,11,9,"December"
2012,3,3,"December"
2012,4,4,"December"
2012,5,5,"December"
2012,2,2,"December"
2012,4,4,"December"
2013,8,6,"January"
2013,2,2,"January"
2013,2,2,"January"
2013,0,0,"January"
2013,5,4,"January"
2013,4,3,"January"
2013,2,2,"January"
2013,2,2,"January"
2013,2,2,"January"
2013,4,4,"January"
2013,6,4,"January"
2013,4,4,"January"
2013,3,3,"January"
2013,6,6,"January"
2013,0,0,"January"
2013,3,3,"January"
2013,0,0,"January"
2013,8,8,"January"
2013,5,5,"January"
2013,6,6,"January"
2013,4,3,"January"
2013,2,2,"January"
2013,7,5,"January"
2013,1,1,"January"
2013,1,1,"January"
2013,2,2,"January"
2013,4,4,"January"
2013,2,2,"January"
2013,1,1,"January"
2013,0,0,"January"
2013,1,1,"January"
2013,6,4,"February"
2013,3,3,"February"
2013,9,8,"February"
2013,1,1,"February"
2013,4,4,"February"
2013,4,3,"February"
2013,2,2,"February"
2013,6,6,"February"
2013,4,4,"February"
2013,6,5,"February"
2013,1,1,"February"
2013,2,2,"February"
2013,3,3,"February"
2013,4,4,"February"
2013,2,2,"February"
2013,4,4,"February"
2013,7,7,"February"
2013,7,7,"February"
2013,0,0,"February"
2013,2,2,"February"
2013,7,7,"February"
2013,7,7,"February"
2013,3,3,"February"
2013,2,2,"February"
2013,2,2,"February"
2013,4,4,"February"
2013,0,0,"February"
2013,0,0,"February"
2013,1,1,"March"
2013,8,8,"March"
2013,0,0,"March"
2013,0,0,"March"
2013,6,5,"March"
2013,3,3,"March"
2013,4,4,"March"
2013,1,1,"March"
2013,4,4,"March"
2013,3,3,"March"
2013,3,2,"March"
2013,1,1,"March"
2013,3,3,"March"
2013,0,0,"March"
2013,3,3,"March"
2013,4,4,"March"
2013,2,2,"March"
2013,1,1,"March"
2013,6,6,"March"
2013,4,4,"March"
2013,5,5,"March"
2013,5,5,"March"
2013,6,5,"March"
2013,6,6,"March"
2013,3,3,"March"
2013,1,1,"March"
2013,4,4,"March"
2013,5,5,"March"
2013,8,6,"March"
2013,1,1,"March"
2013,4,4,"March"
2013,4,3,"April"
2013,3,3,"April"
2013,4,3,"April"
2013,3,3,"April"
2013,2,2,"April"
2013,0,0,"April"
2013,3,3,"April"
2013,2,2,"April"
2013,3,3,"April"
2013,1,1,"April"
2013,1,1,"April"
2013,7,6,"April"
2013,1,1,"April"
2013,0,0,"April"
2013,2,2,"April"
2013,0,0,"April"
2013,3,3,"April"
2013,2,2,"April"
2013,8,6,"April"
2013,2,2,"April"
2013,4,3,"April"
2013,2,2,"April"
2013,3,3,"April"
2013,3,3,"April"
2013,6,6,"April"
2013,4,4,"April"
2013,4,3,"April"
2013,2,2,"April"
2013,1,1,"April"
2013,5,5,"April"
2013,4,3,"May"
2013,1,1,"May"
2013,0,0,"May"
2013,5,4,"May"
2013,4,4,"May"
2013,2,2,"May"
2013,2,2,"May"
2013,2,2,"May"
2013,2,2,"May"
2013,2,2,"May"
2013,6,4,"May"
2013,5,5,"May"
2013,2,2,"May"
2013,3,3,"May"
2013,4,4,"May"
2013,4,4,"May"
2013,2,2,"May"
2013,3,3,"May"
2013,6,5,"May"
2013,3,3,"May"
2013,4,4,"May"
2013,11,9,"May"
2013,5,5,"May"
2013,2,2,"May"
2013,5,5,"May"
2013,6,6,"May"
2013,1,1,"May"
2013,3,2,"May"
2013,2,2,"May"
2013,0,0,"May"
2013,8,8,"May"
2013,6,5,"June"
2013,8,6,"June"
2013,4,3,"June"
2013,5,3,"June"
2013,2,2,"June"
2013,2,2,"June"
2013,3,3,"June"
2013,1,1,"June"
2013,6,6,"June"
2013,2,2,"June"
2013,2,2,"June"
2013,2,2,"June"
2013,2,2,"June"
2013,4,4,"June"
2013,0,0,"June"
2013,1,1,"June"
2013,2,2,"June"
2013,5,5,"June"
2013,2,2,"June"
2013,0,0,"June"
2013,3,3,"June"
2013,7,7,"June"
2013,5,5,"June"
2013,3,2,"June"
2013,3,2,"June"
2013,3,2,"June"
2013,3,2,"June"
2013,2,2,"June"
2013,1,1,"June"
2013,4,4,"June"
2013,2,2,"July"
2013,2,2,"July"
2013,9,7,"July"
2013,2,2,"July"
2013,3,3,"July"
2013,2,2,"July"
2013,2,2,"July"
2013,3,3,"July"
2013,3,3,"July"
2013,3,3,"July"
2013,4,4,"July"
2013,3,3,"July"
2013,7,5,"July"
2013,3,3,"July"
2013,1,1,"July"
2013,3,3,"July"
2013,1,1,"July"
2013,3,3,"July"
2013,6,6,"July"
2013,2,2,"July"
2013,1,1,"July"
2013,3,3,"July"
2013,2,2,"July"
2013,3,3,"July"
2013,5,5,"July"
2013,2,2,"July"
2013,0,0,"July"
2013,6,6,"July"
2013,2,2,"July"
2013,0,0,"July"
2013,9,7,"July"
2013,2,2,"August"
2013,7,5,"August"
2013,3,3,"August"
2013,3,3,"August"
2013,1,1,"August"
2013,1,1,"August"
2013,1,1,"August"
2013,5,5,"August"
2013,2,2,"August"
2013,3,3,"August"
2013,1,1,"August"
2013,3,2,"August"
2013,3,3,"August"
2013,0,0,"August"
2013,0,0,"August"
2013,7,6,"August"
2013,6,6,"August"
2013,8,8,"August"
2013,1,1,"August"
2013,1,1,"August"
2013,4,4,"August"
2013,2,2,"August"
2013,3,3,"August"
2013,2,2,"August"
2013,2,2,"August"
2013,8,6,"August"
2013,9,8,"August"
2013,1,1,"August"
2013,6,5,"August"
2013,8,5,"August"
2013,3,3,"August"
2013,2,2,"September"
2013,2,1,"September"
2013,1,1,"September"
2013,3,3,"September"
2013,3,2,"September"
2013,5,4,"September"
2013,5,5,"September"
2013,3,3,"September"
2013,2,2,"September"
2013,1,1,"September"
2013,2,2,"September"
2013,0,0,"September"
2013,2,2,"September"
2013,4,4,"September"
2013,3,3,"September"
2013,2,1,"September"
2013,2,2,"September"
2013,0,0,"September"
2013,3,3,"September"
2013,1,1,"September"
2013,5,5,"September"
2013,7,7,"September"
2013,2,2,"September"
2013,4,4,"September"
2013,3,2,"September"
2013,5,5,"September"
2013,1,1,"September"
2013,6,6,"September"
2013,2,2,"September"
2013,2,2,"September"
2013,3,2,"October"
2013,1,1,"October"
2013,3,3,"October"
2013,7,6,"October"
2013,8,7,"October"
2013,6,4,"October"
2013,0,0,"October"
2013,5,5,"October"
2013,1,1,"October"
2013,1,1,"October"
2013,4,4,"October"
2013,6,6,"October"
2013,4,4,"October"
2013,3,3,"October"
2013,4,4,"October"
2013,1,1,"October"
2013,2,2,"October"
2013,0,0,"October"
2013,3,3,"October"
2013,3,3,"October"
2013,1,1,"October"
2013,2,2,"October"
2013,4,4,"October"
2013,1,1,"October"
2013,1,1,"October"
2013,1,1,"October"
2013,5,5,"October"
2013,5,4,"October"
2013,1,1,"October"
2013,4,4,"October"
2013,4,4,"October"
2013,8,6,"November"
2013,6,6,"November"
2013,4,4,"November"
2013,7,6,"November"
2013,2,2,"November"
2013,3,3,"November"
2013,0,0,"November"
2013,1,1,"November"
2013,4,4,"November"
2013,6,6,"November"
2013,6,6,"November"
2013,4,4,"November"
2013,1,1,"November"
2013,2,2,"November"
2013,2,2,"November"
2013,3,3,"November"
2013,4,4,"November"
2013,0,0,"November"
2013,5,5,"November"
2013,3,3,"November"
2013,2,2,"November"
2013,11,9,"November"
2013,5,5,"November"
2013,1,1,"November"
2013,3,3,"November"
2013,4,4,"November"
2013,2,2,"November"
2013,1,1,"November"
2013,4,4,"November"
2013,3,3,"November"
2013,2,2,"December"
2013,1,1,"December"
2013,5,5,"December"
2013,6,5,"December"
2013,3,3,"December"
2013,5,3,"December"
2013,5,5,"December"
2013,7,7,"December"
2013,0,0,"December"
2013,3,3,"December"
2013,2,2,"December"
2013,5,5,"December"
2013,3,3,"December"
2013,8,6,"December"
2013,0,0,"December"
2013,6,5,"December"
2013,2,2,"December"
2013,5,5,"December"
2013,5,4,"December"
2013,4,4,"December"
2013,2,2,"December"
2013,5,5,"December"
2013,3,2,"December"
2013,2,2,"December"
2013,3,3,"December"
2013,3,2,"December"
2013,5,5,"December"
2013,2,2,"December"
2013,2,2,"December"
2013,3,3,"December"
2013,1,1,"December"
2014,1,1,"January"
2014,0,0,"January"
2014,2,1,"January"
2014,1,1,"January"
2014,2,2,"January"
2014,5,5,"January"
2014,3,3,"January"
2014,2,2,"January"
2014,1,1,"January"
2014,4,4,"January"
2014,6,6,"January"
2014,6,4,"January"
2014,3,2,"January"
2014,3,3,"January"
2014,1,1,"January"
2014,3,3,"January"
2014,3,3,"January"
2014,7,7,"January"
2014,2,2,"January"
2014,2,2,"January"
2014,4,4,"January"
2014,3,3,"January"
2014,4,4,"January"
2014,7,7,"January"
2014,3,3,"January"
2014,6,5,"January"
2014,2,2,"January"
2014,2,2,"January"
2014,2,2,"January"
2014,1,1,"January"
2014,6,4,"January"
2014,5,5,"February"
2014,2,2,"February"
2014,1,1,"February"
2014,4,4,"February"
2014,4,4,"February"
2014,4,4,"February"
2014,1,1,"February"
2014,3,3,"February"
2014,3,3,"February"
2014,2,2,"February"
2014,4,4,"February"
2014,3,3,"February"
2014,5,4,"February"
2014,4,4,"February"
2014,4,3,"February"
2014,5,3,"February"
2014,1,1,"February"
2014,1,1,"February"
2014,3,3,"February"
2014,1,1,"February"
2014,0,0,"February"
2014,6,6,"February"
2014,2,2,"February"
2014,4,2,"February"
2014,3,3,"February"
2014,1,1,"February"
2014,3,3,"February"
2014,9,6,"February"
2014,5,5,"March"
2014,3,3,"March"
2014,2,2,"March"
2014,3,3,"March"
2014,1,1,"March"
2014,5,5,"March"
2014,1,1,"March"
2014,7,4,"March"
2014,4,4,"March"
2014,2,1,"March"
2014,3,3,"March"
2014,2,2,"March"
2014,2,2,"March"
2014,3,3,"March"
2014,8,6,"March"
2014,1,1,"March"
2014,3,3,"March"
2014,6,6,"March"
2014,3,3,"March"
2014,3,3,"March"
2014,1,1,"March"
2014,6,6,"March"
2014,2,2,"March"
2014,1,1,"March"
2014,1,1,"March"
2014,8,8,"March"
2014,8,8,"March"
2014,6,5,"March"
2014,3,3,"March"
2014,2,2,"March"
2014,6,6,"March"
2014,0,0,"April"
2014,2,2,"April"
2014,4,3,"April"
2014,3,3,"April"
2014,1,1,"April"
2014,2,2,"April"
2014,4,4,"April"
2014,2,2,"April"
2014,2,2,"April"
2014,6,5,"April"
2014,6,5,"April"
2014,5,5,"April"
2014,1,1,"April"
2014,2,2,"April"
2014,2,2,"April"
2014,1,1,"April"
2014,5,5,"April"
2014,0,0,"April"
2014,2,2,"April"
2014,4,3,"April"
2014,2,2,"April"
2014,1,1,"April"
2014,1,1,"April"
2014,6,4,"April"
2014,2,2,"April"
2014,1,1,"April"
2014,3,3,"April"
2014,1,1,"April"
2014,1,1,"April"
2014,0,0,"April"
2014,4,4,"May"
2014,5,5,"May"
2014,4,4,"May"
2014,3,3,"May"
2014,3,3,"May"
2014,2,2,"May"
2014,6,6,"May"
2014,4,4,"May"
2014,3,3,"May"
2014,4,3,"May"
2014,3,3,"May"
2014,2,2,"May"
2014,0,0,"May"
2014,2,2,"May"
2014,2,2,"May"
2014,8,4,"May"
2014,3,3,"May"
2014,2,1,"May"
2014,2,2,"May"
2014,1,1,"May"
2014,1,1,"May"
2014,6,3,"May"
2014,0,0,"May"
2014,1,1,"May"
2014,6,5,"May"
2014,6,6,"May"
2014,5,5,"May"
2014,3,3,"May"
2014,6,5,"May"
2014,3,3,"May"
2014,2,2,"May"
2014,2,2,"June"
2014,0,0,"June"
2014,2,2,"June"
2014,2,2,"June"
2014,3,3,"June"
2014,1,1,"June"
2014,4,4,"June"
2014,5,5,"June"
2014,1,1,"June"
2014,6,6,"June"
2014,3,3,"June"
2014,4,3,"June"
2014,1,1,"June"
2014,1,1,"June"
2014,4,4,"June"
2014,1,1,"June"
2014,5,5,"June"
2014,2,2,"June"
2014,4,4,"June"
2014,2,2,"June"
2014,1,1,"June"
2014,4,4,"June"
2014,3,3,"June"
2014,1,1,"June"
2014,4,3,"June"
2014,6,5,"June"
2014,7,5,"June"
2014,4,4,"June"
2014,4,4,"June"
2014,3,3,"June"
2014,4,4,"July"
2014,1,1,"July"
2014,3,3,"July"
2014,5,5,"July"
2014,5,4,"July"
2014,3,3,"July"
2014,1,1,"July"
2014,1,1,"July"
2014,3,3,"July"
2014,4,4,"July"
2014,7,6,"July"
2014,2,2,"July"
2014,6,5,"July"
2014,1,1,"July"
2014,2,1,"July"
2014,0,0,"July"
2014,5,4,"July"
2014,2,2,"July"
2014,3,3,"July"
2014,7,7,"July"
2014,1,1,"July"
2014,0,0,"July"
2014,4,3,"July"
2014,2,1,"July"
2014,1,1,"July"
2014,1,1,"July"
2014,7,6,"July"
2014,2,2,"July"
2014,3,3,"July"
2014,3,3,"July"
2014,4,4,"July"
2014,5,5,"August"
2014,1,1,"August"
2014,4,4,"August"
2014,1,1,"August"
2014,2,2,"August"
2014,3,3,"August"
2014,4,2,"August"
2014,3,2,"August"
2014,2,2,"August"
2014,7,7,"August"
2014,4,4,"August"
2014,1,1,"August"
2014,4,4,"August"
2014,3,3,"August"
2014,5,4,"August"
2014,4,3,"August"
2014,1,1,"August"
2014,2,1,"August"
2014,3,2,"August"
2014,4,4,"August"
2014,3,2,"August"
2014,4,1,"August"
2014,5,4,"August"
2014,2,2,"August"
2014,3,3,"August"
2014,2,2,"August"
2014,5,5,"August"
2014,2,2,"August"
2014,4,3,"August"
2014,3,3,"August"
2014,5,5,"August"
2014,2,2,"September"
2014,1,1,"September"
2014,5,2,"September"
2014,1,1,"September"
2014,7,5,"September"
2014,4,4,"September"
2014,2,2,"September"
2014,5,5,"September"
2014,3,3,"September"
2014,4,4,"September"
2014,5,5,"September"
2014,8,6,"September"
2014,1,1,"September"
2014,4,3,"September"
2014,4,4,"September"
2014,1,1,"September"
2014,4,4,"September"
2014,4,4,"September"
2014,3,3,"September"
2014,3,3,"September"
2014,2,2,"September"
2014,1,1,"September"
2014,6,5,"September"
2014,4,2,"September"
2014,2,2,"September"
2014,3,3,"September"
2014,1,1,"September"
2014,2,2,"September"
2014,1,1,"September"
2014,6,6,"September"
2014,0,0,"October"
2014,6,5,"October"
2014,2,2,"October"
2014,3,3,"October"
2014,1,1,"October"
2014,1,1,"October"
2014,4,3,"October"
2014,5,5,"October"
2014,7,5,"October"
2014,9,9,"October"
2014,6,6,"October"
2014,4,4,"October"
2014,4,4,"October"
2014,3,3,"October"
2014,2,2,"October"
2014,1,1,"October"
2014,1,1,"October"
2014,6,6,"October"
2014,5,2,"October"
2014,4,4,"October"
2014,1,1,"October"
2014,2,2,"October"
2014,3,3,"October"
2014,6,6,"October"
2014,2,2,"October"
2014,6,6,"October"
2014,4,3,"October"
2014,0,0,"October"
2014,1,1,"October"
2014,3,3,"October"
2014,2,2,"October"
2014,5,5,"November"
2014,3,3,"November"
2014,1,1,"November"
2014,2,1,"November"
2014,5,5,"November"
2014,1,1,"November"
2014,3,3,"November"
2014,4,4,"November"
2014,5,5,"November"
2014,4,3,"November"
2014,6,5,"November"
2014,6,6,"November"
2014,3,3,"November"
2014,4,4,"November"
2014,7,7,"November"
2014,7,7,"November"
2014,4,3,"November"
2014,2,2,"November"
2014,1,1,"November"
2014,3,3,"November"
2014,1,1,"November"
2014,3,3,"November"
2014,1,1,"November"
2014,3,3,"November"
2014,2,2,"November"
2014,5,5,"November"
2014,4,4,"November"
2014,6,5,"November"
2014,3,3,"November"
2014,4,3,"November"
2014,9,6,"December"
2014,1,1,"December"
2014,4,4,"December"
2014,2,2,"December"
2014,5,4,"December"
2014,5,4,"December"
2014,4,4,"December"
2014,0,0,"December"
2014,2,2,"December"
2014,0,0,"December"
2014,6,6,"December"
2014,2,2,"December"
2014,4,4,"December"
2014,4,3,"December"
2014,1,1,"December"
2014,0,0,"December"
2014,3,3,"December"
2014,1,1,"December"
2014,2,2,"December"
2014,1,1,"December"
2014,4,4,"December"
2014,2,2,"December"
2014,1,1,"December"
2014,1,1,"December"
2014,1,1,"December"
2014,2,2,"December"
2014,3,2,"December"
2014,2,2,"December"
2014,7,6,"December"
2014,4,4,"December"
2014,2,1,"December"
2015,5,5,"January"
2015,1,1,"January"
2015,1,1,"January"
2015,2,2,"January"
2015,5,4,"January"
2015,1,1,"January"
2015,2,2,"January"
2015,1,1,"January"
2015,1,1,"January"
2015,3,3,"January"
2015,4,4,"January"
2015,2,2,"January"
2015,2,2,"January"
2015,3,3,"January"
2015,4,4,"January"
2015,5,5,"January"
2015,7,6,"January"
2015,4,4,"January"
2015,4,4,"January"
2015,3,3,"January"
2015,2,2,"January"
2015,8,5,"January"
2015,1,1,"January"
2015,5,4,"January"
2015,6,5,"January"
2015,7,7,"January"
2015,3,3,"January"
2015,7,4,"January"
2015,4,4,"January"
2015,0,0,"January"
2015,2,2,"January"
2015,3,3,"February"
2015,6,6,"February"
2015,1,1,"February"
2015,2,2,"February"
2015,4,3,"February"
2015,2,2,"February"
2015,4,4,"February"
2015,7,6,"February"
2015,4,4,"February"
2015,1,1,"February"
2015,3,3,"February"
2015,1,1,"February"
2015,3,2,"February"
2015,0,0,"February"
2015,3,1,"February"
2015,2,2,"February"
2015,5,5,"February"
2015,1,1,"February"
2015,4,4,"February"
2015,5,5,"February"
2015,2,2,"February"
2015,1,1,"February"
2015,1,1,"February"
2015,1,1,"February"
2015,0,0,"February"
2015,1,1,"February"
2015,3,3,"February"
2015,2,2,"February"
2015,12,10,"March"
2015,2,2,"March"
2015,2,2,"March"
2015,1,1,"March"
2015,5,4,"March"
2015,0,0,"March"
2015,6,5,"March"
2015,4,4,"March"
2015,4,3,"March"
2015,2,2,"March"
2015,5,4,"March"
2015,1,1,"March"
2015,5,5,"March"
2015,3,3,"March"
2015,3,3,"March"
2015,0,0,"March"
2015,2,2,"March"
2015,3,3,"March"
2015,2,2,"March"
2015,7,6,"March"
2015,3,2,"March"
2015,2,2,"March"
2015,0,0,"March"
2015,2,2,"March"
2015,3,3,"March"
2015,2,2,"March"
2015,3,3,"March"
2015,5,4,"March"
2015,2,2,"March"
2015,4,4,"March"
2015,1,1,"March"
2015,5,5,"April"
2015,1,1,"April"
2015,5,5,"April"
2015,7,5,"April"
2015,4,4,"April"
2015,4,4,"April"
2015,4,4,"April"
2015,2,2,"April"
2015,0,0,"April"
2015,2,2,"April"
2015,3,3,"April"
2015,7,5,"April"
2015,3,3,"April"
2015,1,1,"April"
2015,3,3,"April"
2015,4,3,"April"
2015,4,4,"April"
2015,5,5,"April"
2015,8,7,"April"
2015,4,4,"April"
2015,2,2,"April"
2015,5,4,"April"
2015,3,2,"April"
2015,1,1,"April"
2015,3,3,"April"
2015,3,2,"April"
2015,3,2,"April"
2015,2,2,"April"
2015,0,0,"April"
2015,3,3,"April"
2015,7,5,"May"
2015,7,6,"May"
2015,3,3,"May"
2015,0,0,"May"
2015,2,2,"May"
2015,5,5,"May"
2015,2,2,"May"
2015,4,3,"May"
2015,5,4,"May"
2015,4,4,"May"
2015,1,1,"May"
2015,2,2,"May"
2015,2,2,"May"
2015,5,4,"May"
2015,3,2,"May"
2015,4,4,"May"
2015,3,3,"May"
2015,2,2,"May"
2015,2,2,"May"
2015,3,3,"May"
2015,4,4,"May"
2015,3,3,"May"
2015,4,4,"May"
2015,3,3,"May"
2015,3,3,"May"
2015,5,4,"May"
2015,2,2,"May"
2015,2,2,"May"
2015,7,6,"May"
2015,4,4,"May"
2015,2,2,"May"
2015,3,3,"June"
2015,1,1,"June"
2015,4,3,"June"
2015,4,4,"June"
2015,5,4,"June"
2015,6,5,"June"
2015,3,3,"June"
2015,7,4,"June"
2015,2,1,"June"
2015,2,2,"June"
2015,2,2,"June"
2015,2,2,"June"
2015,5,5,"June"
2015,1,1,"June"
2015,5,5,"June"
2015,4,3,"June"
2015,7,7,"June"
2015,1,1,"June"
2015,5,5,"June"
2015,2,2,"June"
2015,1,1,"June"
2015,0,0,"June"
2015,1,1,"June"
2015,5,4,"June"
2015,5,5,"June"
2015,5,5,"June"
2015,5,4,"June"
2015,0,0,"June"
2015,2,2,"June"
2015,6,4,"June"
2015,2,2,"July"
2015,4,4,"July"
2015,7,6,"July"
2015,6,6,"July"
2015,1,1,"July"
2015,2,2,"July"
2015,3,3,"July"
2015,3,3,"July"
2015,4,3,"July"
2015,1,1,"July"
2015,2,2,"July"
2015,2,2,"July"
2015,0,0,"July"
2015,0,0,"July"
2015,6,6,"July"
2015,3,3,"July"
2015,1,1,"July"
2015,5,5,"July"
2015,2,2,"July"
2015,1,1,"July"
2015,3,3,"July"
2015,5,5,"July"
2015,5,4,"July"
2015,4,2,"July"
2015,5,5,"July"
2015,3,3,"July"
2015,0,0,"July"
2015,4,4,"July"
2015,2,2,"July"
2015,4,3,"July"
2015,4,4,"July"
2015,9,6,"August"
2015,4,3,"August"
2015,3,3,"August"
2015,5,5,"August"
2015,5,5,"August"
2015,2,2,"August"
2015,2,2,"August"
2015,1,1,"August"
2015,6,4,"August"
2015,3,3,"August"
2015,4,4,"August"
2015,3,2,"August"
2015,3,3,"August"
2015,3,3,"August"
2015,5,4,"August"
2015,6,6,"August"
2015,10,8,"August"
2015,9,9,"August"
2015,2,2,"August"
2015,6,6,"August"
2015,2,2,"August"
2015,4,3,"August"
2015,5,5,"August"
2015,2,2,"August"
2015,3,3,"August"
2015,2,2,"August"
2015,2,2,"August"
2015,4,4,"August"
2015,2,2,"August"
2015,5,3,"August"
2015,2,2,"August"
2015,3,3,"September"
2015,0,0,"September"
2015,1,1,"September"
2015,3,3,"September"
2015,4,4,"September"
2015,2,2,"September"
2015,2,2,"September"
2015,2,2,"September"
2015,2,2,"September"
2015,2,2,"September"
2015,1,1,"September"
2015,9,8,"September"
2015,2,2,"September"
2015,5,5,"September"
2015,3,3,"September"
2015,2,2,"September"
2015,4,4,"September"
2015,4,2,"September"
2015,3,3,"September"
2015,5,5,"September"
2015,2,2,"September"
2015,1,1,"September"
2015,5,5,"September"
2015,4,3,"September"
2015,4,4,"September"
2015,4,4,"September"
2015,4,4,"September"
2015,5,4,"September"
2015,2,2,"September"
2015,2,2,"September"
2015,7,7,"October"
2015,4,4,"October"
2015,2,2,"October"
2015,2,2,"October"
2015,5,4,"October"
2015,3,3,"October"
2015,5,5,"October"
2015,3,3,"October"
2015,1,1,"October"
2015,6,6,"October"
2015,5,5,"October"
2015,3,3,"October"
2015,3,2,"October"
2015,3,3,"October"
2015,1,1,"October"
2015,7,6,"October"
2015,6,6,"October"
2015,5,5,"October"
2015,5,4,"October"
2015,4,4,"October"
2015,0,0,"October"
2015,6,6,"October"
2015,4,4,"October"
2015,9,7,"October"
2015,5,5,"October"
2015,6,6,"October"
2015,3,2,"October"
2015,2,2,"October"
2015,3,3,"October"
2015,2,2,"October"
2015,5,3,"October"
2015,2,2,"November"
2015,5,4,"November"
2015,1,1,"November"
2015,1,1,"November"
2015,3,3,"November"
2015,6,6,"November"
2015,6,5,"November"
2015,3,3,"November"
2015,3,3,"November"
2015,4,4,"November"
2015,0,0,"November"
2015,1,1,"November"
2015,3,3,"November"
2015,2,2,"November"
2015,3,3,"November"
2015,4,4,"November"
2015,5,3,"November"
2015,5,5,"November"
2015,0,0,"November"
2015,5,4,"November"
2015,4,4,"November"
2015,0,0,"November"
2015,4,3,"November"
2015,4,4,"November"
2015,2,2,"November"
2015,4,4,"November"
2015,2,2,"November"
2015,3,3,"November"
2015,1,1,"November"
2015,10,9,"November"
2015,1,1,"December"
2015,5,3,"December"
2015,2,2,"December"
2015,3,3,"December"
2015,3,2,"December"
2015,6,5,"December"
2015,2,2,"December"
2015,1,1,"December"
2015,5,5,"December"
2015,1,1,"December"
2015,1,1,"December"
2015,4,2,"December"
2015,1,1,"December"
2015,3,3,"December"
2015,2,2,"December"
2015,6,6,"December"
2015,4,3,"December"
2015,5,5,"December"
2015,2,2,"December"
2015,4,4,"December"
2015,2,2,"December"
2015,2,2,"December"
2015,4,4,"December"
2015,3,3,"December"
2015,2,2,"December"
2015,7,7,"December"
2015,3,2,"December"
2015,1,1,"December"
2015,5,4,"December"
2015,2,2,"December"
2015,3,3,"December"
2016,2,2,"January"
2016,4,3,"January"
2016,2,2,"January"
2016,4,4,"January"
2016,1,1,"January"
2016,0,0,"January"
2016,1,1,"January"
2016,2,2,"January"
2016,9,7,"January"
2016,4,4,"January"
2016,1,1,"January"
2016,2,2,"January"
2016,4,4,"January"
2016,6,5,"January"
2016,2,2,"January"
2016,5,5,"January"
2016,0,0,"January"
2016,6,5,"January"
2016,2,2,"January"
2016,5,4,"January"
2016,1,1,"January"
2016,8,8,"January"
2016,2,2,"January"
2016,2,2,"January"
2016,4,4,"January"
2016,6,5,"January"
2016,9,7,"January"
2016,5,5,"January"
2016,5,5,"January"
2016,2,2,"January"
2016,1,1,"January"
2016,1,1,"February"
2016,3,3,"February"
2016,6,6,"February"
2016,3,3,"February"
2016,0,0,"February"
2016,6,6,"February"
2016,3,3,"February"
2016,4,4,"February"
2016,5,5,"February"
2016,4,4,"February"
2016,1,1,"February"
2016,6,6,"February"
2016,4,4,"February"
2016,0,0,"February"
2016,1,1,"February"
2016,8,8,"February"
2016,0,0,"February"
2016,5,5,"February"
2016,3,2,"February"
2016,9,7,"February"
2016,5,5,"February"
2016,2,2,"February"
2016,1,1,"February"
2016,7,6,"February"
2016,4,4,"February"
2016,4,4,"February"
2016,3,3,"February"
2016,2,2,"February"
2016,0,0,"February"
2016,1,1,"March"
2016,3,3,"March"
2016,8,6,"March"
2016,3,3,"March"
2016,9,6,"March"
2016,8,6,"March"
2016,3,3,"March"
2016,7,7,"March"
2016,2,2,"March"
2016,5,4,"March"
2016,5,5,"March"
2016,6,6,"March"
2016,3,3,"March"
2016,4,4,"March"
2016,5,5,"March"
2016,2,2,"March"
2016,2,2,"March"
2016,3,3,"March"
2016,3,3,"March"
2016,3,3,"March"
2016,6,6,"March"
2016,2,2,"March"
2016,1,1,"March"
2016,3,3,"March"
2016,1,1,"March"
2016,1,1,"March"
2016,0,0,"March"
2016,3,3,"March"
2016,6,5,"March"
2016,1,1,"March"
2016,1,1,"March"
2016,2,2,"April"
2016,3,2,"April"
2016,5,5,"April"
2016,2,2,"April"
2016,2,1,"April"
2016,0,0,"April"
2016,3,3,"April"
2016,4,4,"April"
2016,3,3,"April"
2016,2,2,"April"
2016,4,3,"April"
2016,7,7,"April"
2016,6,6,"April"
2016,2,2,"April"
2016,7,7,"April"
2016,4,2,"April"
2016,10,6,"April"
2016,1,1,"April"
2016,4,3,"April"
2016,6,5,"April"
2016,5,4,"April"
2016,1,1,"April"
2016,6,4,"April"
2016,4,4,"April"
2016,3,3,"April"
2016,6,6,"April"
2016,1,1,"April"
2016,3,3,"April"
2016,4,4,"April"
2016,3,3,"April"
2016,3,3,"May"
2016,2,2,"May"
2016,1,1,"May"
2016,5,5,"May"
2016,5,4,"May"
2016,1,1,"May"
2016,3,3,"May"
2016,3,3,"May"
2016,2,2,"May"
2016,4,4,"May"
2016,2,2,"May"
2016,5,5,"May"
2016,6,5,"May"
2016,1,1,"May"
2016,4,4,"May"
2016,9,8,"May"
2016,2,2,"May"
2016,5,4,"May"
2016,0,0,"May"
2016,3,3,"May"
2016,5,5,"May"
2016,5,5,"May"
2016,4,3,"May"
2016,5,4,"May"
2016,2,2,"May"
2016,3,3,"May"
2016,4,3,"May"
2016,2,2,"May"
2016,4,4,"May"
2016,4,4,"May"
2016,3,3,"May"
2016,3,3,"June"
2016,3,3,"June"
2016,1,1,"June"
2016,6,5,"June"
2016,4,3,"June"
2016,3,3,"June"
2016,2,2,"June"
2016,1,1,"June"
2016,6,6,"June"
2016,10,7,"June"
2016,1,1,"June"
2016,5,5,"June"
2016,1,1,"June"
2016,4,3,"June"
2016,4,3,"June"
2016,4,4,"June"
2016,5,5,"June"
2016,4,4,"June"
2016,4,4,"June"
2016,4,4,"June"
2016,4,3,"June"
2016,1,1,"June"
2016,2,2,"June"
2016,0,0,"June"
2016,7,6,"June"
2016,2,2,"June"
2016,3,3,"June"
2016,1,1,"June"
2016,0,0,"June"
2016,2,2,"June"
2016,4,4,"July"
2016,8,7,"July"
2016,3,2,"July"
2016,1,1,"July"
2016,1,1,"July"
2016,3,3,"July"
2016,2,2,"July"
2016,7,7,"July"
2016,5,5,"July"
2016,3,3,"July"
2016,3,3,"July"
2016,2,2,"July"
2016,4,4,"July"
2016,3,3,"July"
2016,4,4,"July"
2016,5,5,"July"
2016,7,7,"July"
2016,2,2,"July"
2016,4,4,"July"
2016,3,3,"July"
2016,5,4,"July"
2016,9,7,"July"
2016,5,5,"July"
2016,2,2,"July"
2016,4,4,"July"
2016,1,1,"July"
2016,1,1,"July"
2016,1,1,"July"
2016,5,4,"July"
2016,4,4,"July"
2016,5,5,"July"
2016,5,5,"August"
2016,1,1,"August"
2016,5,5,"August"
2016,1,1,"August"
2016,4,4,"August"
2016,3,3,"August"
2016,5,5,"August"
2016,2,2,"August"
2016,2,2,"August"
2016,3,3,"August"
2016,2,2,"August"
2016,7,7,"August"
2016,6,5,"August"
2016,8,6,"August"
2016,2,2,"August"
2016,5,4,"August"
2016,2,2,"August"
2016,7,7,"August"
2016,5,4,"August"
2016,2,2,"August"
2016,3,3,"August"
2016,4,4,"August"
2016,0,0,"August"
2016,6,6,"August"
2016,2,2,"August"
2016,8,8,"August"
2016,3,2,"August"
2016,4,4,"August"
2016,2,2,"August"
2016,2,2,"August"
2016,2,2,"August"
2016,5,5,"September"
2016,5,5,"September"
2016,5,5,"September"
2016,1,1,"September"
2016,4,4,"September"
2016,0,0,"September"
2016,2,2,"September"
2016,1,1,"September"
2016,3,3,"September"
2016,2,2,"September"
2016,4,4,"September"
2016,3,3,"September"
2016,2,2,"September"
2016,3,2,"September"
2016,2,1,"September"
2016,4,4,"September"
2016,4,3,"September"
2016,3,3,"September"
2016,6,6,"September"
2016,1,1,"September"
2016,2,2,"September"
2016,0,0,"September"
2016,7,7,"September"
2016,1,1,"September"
2016,5,5,"September"
2016,6,5,"September"
2016,8,7,"September"
2016,1,1,"September"
2016,1,1,"September"
2016,2,2,"September"
2016,9,6,"October"
2016,6,5,"October"
2016,1,1,"October"
2016,0,0,"October"
2016,1,1,"October"
2016,7,6,"October"
2016,6,6,"October"
2016,4,4,"October"
2016,5,5,"October"
2016,2,2,"October"
2016,2,2,"October"
2016,4,3,"October"
2016,6,6,"October"
2016,4,4,"October"
2016,5,5,"October"
2016,3,3,"October"
2016,0,0,"October"
2016,4,4,"October"
2016,3,3,"October"
2016,6,6,"October"
2016,6,4,"October"
2016,6,5,"October"
2016,4,4,"October"
2016,4,4,"October"
2016,6,6,"October"
2016,4,4,"October"
2016,1,1,"October"
2016,2,2,"October"
2016,1,1,"October"
2016,4,4,"October"
2016,1,1,"October"
2016,0,0,"November"
2016,2,2,"November"
2016,1,1,"November"
2016,1,1,"November"
2016,5,5,"November"
2016,2,2,"November"
2016,0,0,"November"
2016,3,3,"November"
2016,5,4,"November"
2016,3,3,"November"
2016,2,2,"November"
2016,4,4,"November"
2016,4,4,"November"
2016,1,1,"November"
2016,4,4,"November"
2016,6,6,"November"
2016,4,4,"November"
2016,2,2,"November"
2016,9,6,"November"
2016,5,4,"November"
2016,8,8,"November"
2016,7,7,"November"
2016,3,3,"November"
2016,1,1,"November"
2016,2,2,"November"
2016,5,4,"November"
2016,6,6,"November"
2016,5,5,"November"
2016,2,2,"November"
2016,2,2,"November"
2016,3,3,"December"
2016,7,6,"December"
2016,7,6,"December"
2016,4,4,"December"
2016,2,1,"December"
2016,5,5,"December"
2016,1,1,"December"
2016,1,1,"December"
2016,5,4,"December"
2016,8,8,"December"
2016,5,5,"December"
2016,5,4,"December"
2016,2,2,"December"
2016,6,6,"December"
2016,5,4,"December"
2016,5,5,"December"
2016,7,5,"December"
2016,5,5,"December"
2016,1,1,"December"
2016,1,1,"December"
2016,2,2,"December"
2016,1,1,"December"
2016,2,2,"December"
2016,4,4,"December"
2016,4,4,"December"
2016,2,2,"December"
2016,6,6,"December"
2016,4,4,"December"
2016,2,2,"December"
2016,4,3,"December"
2016,1,1,"December"
2017,3,3,"January"
2017,4,4,"January"
2017,4,3,"January"
2017,1,1,"January"
2017,3,3,"January"
2017,3,3,"January"
2017,1,1,"January"
2017,1,1,"January"
2017,2,2,"January"
2017,4,4,"January"
2017,5,5,"January"
2017,4,4,"January"
2017,10,10,"January"
2017,1,1,"January"
2017,1,1,"January"
2017,5,5,"January"
2017,2,2,"January"
2017,6,3,"January"
2017,0,0,"January"
2017,1,1,"January"
2017,5,4,"January"
2017,3,3,"January"
2017,3,3,"January"
2017,5,5,"January"
2017,2,2,"January"
2017,0,0,"January"
2017,5,4,"January"
2017,4,4,"January"
2017,4,3,"January"
2017,2,1,"January"
2017,3,3,"January"
2017,1,1,"February"
2017,2,2,"February"
2017,3,3,"February"
2017,1,1,"February"
2017,2,2,"February"
2017,3,3,"February"
2017,1,1,"February"
2017,4,4,"February"
2017,1,1,"February"
2017,6,6,"February"
2017,2,2,"February"
2017,3,3,"February"
2017,1,1,"February"
2017,0,0,"February"
2017,3,3,"February"
2017,4,4,"February"
2017,5,5,"February"
2017,4,4,"February"
2017,2,2,"February"
2017,3,3,"February"
2017,2,2,"February"
2017,1,1,"February"
2017,4,4,"February"
2017,3,3,"February"
2017,4,2,"February"
2017,2,2,"February"
2017,2,2,"February"
2017,1,1,"February"
2017,3,3,"March"
2017,2,2,"March"
2017,2,2,"March"
2017,3,3,"March"
2017,1,1,"March"
2017,2,2,"March"
2017,4,3,"March"
2017,0,0,"March"
2017,4,4,"March"
2017,3,3,"March"
2017,4,4,"March"
2017,3,3,"March"
2017,3,3,"March"
2017,2,2,"March"
2017,2,2,"March"
2017,3,3,"March"
2017,3,3,"March"
2017,2,2,"March"
2017,2,2,"March"
2017,1,1,"March"
2017,4,4,"March"
2017,1,1,"March"
2017,3,3,"March"
2017,7,6,"March"
2017,7,6,"March"
2017,1,1,"March"
2017,4,4,"March"
2017,3,3,"March"
2017,5,5,"March"
2017,5,5,"March"
2017,4,4,"March"
2017,5,5,"April"
2017,2,2,"April"
2017,5,3,"April"
2017,5,4,"April"
2017,3,3,"April"
2017,1,1,"April"
2017,7,7,"April"
2017,5,4,"April"
2017,4,3,"April"
2017,2,2,"April"
2017,2,2,"April"
2017,4,3,"April"
2017,4,4,"April"
2017,2,2,"April"
2017,3,3,"April"
2017,0,0,"April"
2017,3,2,"April"
2017,7,7,"April"
2017,7,7,"April"
2017,2,2,"April"
2017,5,5,"April"
2017,0,0,"April"
2017,1,1,"April"
2017,3,3,"April"
2017,4,4,"April"
2017,5,4,"April"
2017,1,1,"April"
2017,1,1,"April"
2017,4,3,"April"
2017,5,5,"April"
2017,1,1,"May"
2017,5,5,"May"
2017,1,1,"May"
2017,5,5,"May"
2017,2,2,"May"
2017,5,4,"May"
2017,0,0,"May"
2017,3,3,"May"
2017,1,1,"May"
2017,5,5,"May"
2017,4,4,"May"
2017,4,4,"May"
2017,4,4,"May"
2017,3,2,"May"
2017,2,2,"May"
2017,5,5,"May"
2017,1,1,"May"
2017,2,2,"May"
2017,5,5,"May"
2017,2,2,"May"
2017,4,4,"May"
2017,1,1,"May"
2017,5,5,"May"
2017,1,1,"May"
2017,3,2,"May"
2017,2,2,"May"
2017,4,4,"May"
2017,10,8,"May"
2017,7,5,"May"
2017,1,1,"May"
2017,1,1,"May"
2017,4,4,"June"
2017,4,3,"June"
2017,3,3,"June"
2017,3,3,"June"
2017,2,2,"June"
2017,1,1,"June"
2017,3,3,"June"
2017,6,5,"June"
2017,2,2,"June"
2017,4,4,"June"
2017,5,5,"June"
2017,1,1,"June"
2017,2,2,"June"
2017,7,6,"June"
2017,3,2,"June"
2017,1,1,"June"
2017,3,3,"June"
2017,5,4,"June"
2017,3,3,"June"
2017,6,4,"June"
2017,3,3,"June"
2017,3,3,"June"
2017,7,7,"June"
2017,8,6,"June"
2017,4,3,"June"
2017,1,1,"June"
2017,1,1,"June"
2017,1,1,"June"
2017,2,2,"June"
2017,6,5,"June"
2017,5,4,"July"
2017,5,5,"July"
2017,4,4,"July"
2017,5,5,"July"
2017,1,1,"July"
2017,2,2,"July"
2017,7,7,"July"
2017,4,3,"July"
2017,9,8,"July"
2017,2,2,"July"
2017,3,3,"July"
2017,1,1,"July"
2017,3,3,"July"
2017,4,4,"July"
2017,1,1,"July"
2017,9,8,"July"
2017,3,3,"July"
2017,4,4,"July"
2017,6,4,"July"
2017,7,6,"July"
2017,1,1,"July"
2017,4,4,"July"
2017,0,0,"July"
2017,3,3,"July"
2017,3,3,"July"
2017,4,2,"July"
2017,3,3,"July"
2017,2,2,"July"
2017,3,3,"July"
2017,2,2,"July"
2017,1,1,"July"
2017,5,5,"August"
2017,4,4,"August"
2017,1,1,"August"
2017,3,3,"August"
2017,4,4,"August"
2017,3,3,"August"
2017,3,3,"August"
2017,3,3,"August"
2017,4,3,"August"
2017,2,2,"August"
2017,5,5,"August"
2017,7,6,"August"
2017,7,5,"August"
2017,2,2,"August"
2017,2,2,"August"
2017,3,3,"August"
2017,6,4,"August"
2017,4,4,"August"
2017,0,0,"August"
2017,3,3,"August"
2017,2,2,"August"
2017,2,2,"August"
2017,5,5,"August"
2017,4,4,"August"
2017,4,2,"August"
2017,2,2,"August"
2017,8,6,"August"
2017,3,3,"August"
2017,5,5,"August"
2017,3,2,"August"
2017,3,3,"August"
2017,5,5,"September"
2017,8,8,"September"
2017,4,4,"September"
2017,7,6,"September"
2017,2,2,"September"
2017,1,1,"September"
2017,2,2,"September"
2017,4,4,"September"
2017,6,3,"September"
2017,2,2,"September"
2017,1,1,"September"
2017,2,2,"September"
2017,3,3,"September"
2017,1,1,"September"
2017,1,1,"September"
2017,1,1,"September"
2017,5,5,"September"
2017,3,3,"September"
2017,4,3,"September"
2017,6,5,"September"
2017,3,3,"September"
2017,5,5,"September"
2017,4,4,"September"
2017,4,3,"September"
2017,4,4,"September"
2017,3,3,"September"
2017,3,3,"September"
2017,2,2,"September"
2017,0,0,"September"
2017,2,1,"September"
2017,4,3,"October"
2017,4,4,"October"
2017,2,2,"October"
2017,3,2,"October"
2017,2,2,"October"
2017,5,4,"October"
2017,3,3,"October"
2017,5,4,"October"
2017,3,3,"October"
2017,2,2,"October"
2017,2,2,"October"
2017,2,2,"October"
2017,3,3,"October"
2017,5,4,"October"
2017,5,5,"October"
2017,4,4,"October"
2017,2,2,"October"
2017,5,5,"October"
2017,1,1,"October"
2017,0,0,"October"
2017,3,3,"October"
2017,3,3,"October"
2017,2,2,"October"
2017,2,2,"October"
2017,2,2,"October"
2017,9,9,"October"
2017,2,2,"October"
2017,5,5,"October"
2017,3,3,"October"
2017,1,1,"October"
2017,1,1,"October"
2017,6,6,"November"
2017,2,2,"November"
2017,2,2,"November"
2017,5,5,"November"
2017,14,10,"November"
2017,5,5,"November"
2017,2,2,"November"
2017,6,6,"November"
2017,0,0,"November"
2017,3,3,"November"
2017,3,3,"November"
2017,2,2,"November"
2017,4,4,"November"
2017,1,1,"November"
2017,5,5,"November"
2017,1,1,"November"
2017,2,2,"November"
2017,6,6,"November"
2017,4,4,"November"
2017,7,4,"November"
2017,1,1,"November"
2017,3,3,"November"
2017,3,3,"November"
2017,5,5,"November"
2017,7,4,"November"
2017,4,4,"November"
2017,2,2,"November"
2017,4,3,"November"
2017,3,3,"November"
2017,0,0,"November"
2017,1,1,"December"
2017,4,4,"December"
2017,2,2,"December"
2017,3,3,"December"
2017,4,4,"December"
2017,1,1,"December"
2017,6,6,"December"
2017,5,4,"December"
2017,5,4,"December"
2017,6,6,"December"
2017,5,4,"December"
2017,4,4,"December"
2017,2,2,"December"
2017,6,6,"December"
2017,3,3,"December"
2017,7,7,"December"
2017,5,5,"December"
2017,2,2,"December"
2017,2,2,"December"
2017,3,3,"December"
2017,8,7,"December"
2017,7,7,"December"
2017,4,4,"December"
2017,3,1,"December"
2017,5,4,"December"
2017,10,6,"December"
2017,5,4,"December"
2017,5,5,"December"
2017,3,3,"December"
2017,3,3,"December"
2017,1,1,"December"
2018,8,8,"January"
2018,5,4,"January"
2018,1,1,"January"
2018,6,6,"January"
2018,4,3,"January"
2018,5,5,"January"
2018,2,2,"January"
2018,1,1,"January"
2018,4,4,"January"
2018,8,6,"January"
2018,4,4,"January"
2018,3,3,"January"
2018,2,2,"January"
2018,3,3,"January"
2018,3,2,"January"
2018,3,2,"January"
2018,0,0,"January"
2018,1,1,"January"
2018,2,2,"January"
2018,5,5,"January"
2018,0,0,"January"
2018,5,4,"January"
2018,1,1,"January"
2018,1,1,"January"
2018,2,2,"January"
2018,3,3,"January"
2018,2,2,"January"
2018,6,6,"January"
2018,6,6,"January"
2018,3,3,"January"
2018,2,2,"January"
2018,2,2,"February"
2018,0,0,"February"
2018,7,7,"February"
2018,2,2,"February"
2018,6,6,"February"
2018,2,2,"February"
2018,4,4,"February"
2018,3,3,"February"
2018,1,1,"February"
2018,2,2,"February"
2018,5,4,"February"
2018,1,1,"February"
2018,1,1,"February"
2018,1,1,"February"
2018,5,5,"February"
2018,4,2,"February"
2018,4,3,"February"
2018,4,4,"February"
2018,2,2,"February"
2018,3,3,"February"
2018,4,4,"February"
2018,2,2,"February"
2018,8,7,"February"
2018,4,3,"February"
2018,3,3,"February"
2018,3,3,"February"
2018,2,2,"February"
2018,1,1,"February"
2018,2,2,"March"
2018,7,7,"March"
2018,6,6,"March"
2018,3,3,"March"
2018,2,2,"March"
2018,2,2,"March"
2018,2,2,"March"
2018,3,3,"March"
2018,9,9,"March"
2018,5,5,"March"
2018,1,1,"March"
2018,3,3,"March"
2018,0,0,"March"
2018,8,7,"March"
2018,1,1,"March"
2018,4,2,"March"
2018,2,2,"March"
2018,4,4,"March"
2018,6,5,"March"
2018,0,0,"March"
2018,1,1,"March"
2018,4,4,"March"
2018,7,7,"March"
2018,5,5,"March"
2018,3,2,"March"
2018,3,3,"March"
2018,6,6,"March"
2018,4,4,"March"
2018,2,2,"March"
2018,2,2,"March"
2018,6,4,"March"
2018,4,4,"April"
2018,2,2,"April"
2018,1,1,"April"
2018,1,1,"April"
2018,3,3,"April"
2018,1,1,"April"
2018,3,3,"April"
2018,3,3,"April"
2018,1,1,"April"
2018,4,4,"April"
2018,2,2,"April"
2018,1,1,"April"
2018,4,3,"April"
2018,2,2,"April"
2018,4,4,"April"
2018,3,3,"April"
2018,2,2,"April"
2018,5,4,"April"
2018,3,3,"April"
2018,4,4,"April"
2018,5,3,"April"
2018,7,6,"April"
2018,5,5,"April"
2018,1,1,"April"
2018,4,4,"April"
2018,0,0,"April"
2018,4,4,"April"
2018,3,2,"April"
2018,4,3,"April"
2018,2,2,"April"
2018,4,4,"May"
2018,3,3,"May"
2018,3,3,"May"
2018,2,2,"May"
2018,10,7,"May"
2018,5,5,"May"
2018,3,3,"May"
2018,2,2,"May"
2018,3,3,"May"
2018,3,3,"May"
2018,2,2,"May"
2018,0,0,"May"
2018,4,4,"May"
2018,2,2,"May"
2018,2,2,"May"
2018,4,4,"May"
2018,0,0,"May"
2018,1,1,"May"
2018,4,4,"May"
2018,3,3,"May"
2018,4,4,"May"
2018,4,4,"May"
2018,0,0,"May"
2018,1,1,"May"
2018,6,5,"May"
2018,3,3,"May"
2018,2,2,"May"
2018,3,3,"May"
2018,3,3,"May"
2018,3,3,"May"
2018,1,1,"May"
2018,0,0,"June"
2018,2,2,"June"
2018,4,4,"June"
2018,1,1,"June"
2018,2,2,"June"
2018,4,4,"June"
2018,2,2,"June"
2018,3,3,"June"
2018,2,2,"June"
2018,6,6,"June"
2018,5,5,"June"
2018,0,0,"June"
2018,5,5,"June"
2018,4,4,"June"
2018,2,2,"June"
2018,5,4,"June"
2018,3,3,"June"
2018,1,1,"June"
2018,0,0,"June"
2018,2,2,"June"
2018,2,2,"June"
2018,1,1,"June"
2018,3,3,"June"
2018,5,5,"June"
2018,1,1,"June"
2018,3,3,"June"
2018,4,4,"June"
2018,3,2,"June"
2018,1,1,"June"
2018,2,2,"June"
2018,4,3,"July"
2018,2,2,"July"
2018,3,3,"July"
2018,2,2,"July"
2018,4,4,"July"
2018,7,6,"July"
2018,2,2,"July"
2018,7,5,"July"
2018,0,0,"July"
2018,1,1,"July"
2018,2,2,"July"
2018,4,4,"July"
2018,2,2,"July"
2018,2,2,"July"
2018,3,3,"July"
2018,4,4,"July"
2018,4,4,"July"
2018,5,3,"July"
2018,4,4,"July"
2018,6,6,"July"
2018,2,2,"July"
2018,3,3,"July"
2018,1,1,"July"
2018,2,2,"July"
2018,3,3,"July"
2018,2,2,"July"
2018,0,0,"July"
2018,5,4,"July"
2018,1,1,"July"
2018,4,4,"July"
2018,5,4,"July"
2018,1,1,"August"
2018,4,3,"August"
2018,2,1,"August"
2018,5,5,"August"
2018,6,6,"August"
2018,1,1,"August"
2018,5,5,"August"
2018,1,1,"August"
2018,0,0,"August"
2018,3,3,"August"
2018,3,3,"August"
2018,3,3,"August"
2018,5,4,"August"
2018,4,3,"August"
2018,4,3,"August"
2018,3,3,"August"
2018,1,1,"August"
2018,3,2,"August"
2018,4,3,"August"
2018,8,8,"August"
2018,8,5,"August"
2018,4,4,"August"
2018,0,0,"August"
2018,7,7,"August"
2018,2,2,"August"
2018,4,3,"August"
2018,5,5,"August"
2018,2,2,"August"
2018,1,1,"August"
2018,1,1,"August"
2018,4,4,"August"
2018,6,6,"September"
2018,5,5,"September"
2018,5,5,"September"
2018,4,3,"September"
2018,1,1,"September"
2018,4,4,"September"
2018,4,3,"September"
2018,3,2,"September"
2018,2,1,"September"
2018,2,2,"September"
2018,2,2,"September"
2018,3,2,"September"
2018,5,4,"September"
2018,9,8,"September"
2018,2,2,"September"
2018,3,3,"September"
2018,4,4,"September"
2018,7,7,"September"
2018,1,1,"September"
2018,1,1,"September"
2018,3,3,"September"
2018,7,7,"September"
2018,2,2,"September"
2018,2,2,"September"
2018,0,0,"September"
2018,2,2,"September"
2018,4,4,"September"
2018,7,6,"September"
2018,5,5,"September"
2018,1,1,"September"
2018,2,2,"October"
2018,2,1,"October"
2018,2,2,"October"
2018,1,1,"October"
2018,2,2,"October"
2018,3,3,"October"
2018,5,4,"October"
2018,4,4,"October"
2018,2,2,"October"
2018,2,2,"October"
2018,5,2,"October"
2018,3,3,"October"
2018,4,4,"October"
2018,4,4,"October"
2018,2,2,"October"
2018,1,1,"October"
2018,1,1,"October"
2018,0,0,"October"
2018,1,1,"October"
2018,1,1,"October"
2018,5,5,"October"
2018,0,0,"October"
2018,2,2,"October"
2018,2,2,"October"
2018,1,1,"October"
2018,3,3,"October"
2018,5,5,"October"
2018,3,3,"October"
2018,2,2,"October"
2018,1,1,"October"
2018,3,3,"October"
2018,3,3,"November"
2018,3,2,"November"
2018,8,7,"November"
2018,2,2,"November"
2018,6,5,"November"
2018,3,3,"November"
2018,0,0,"November"
2018,2,2,"November"
2018,0,0,"November"
2018,5,5,"November"
2018,5,5,"November"
2018,2,2,"November"
2018,2,2,"November"
2018,1,1,"November"
2018,1,1,"November"
2018,3,3,"November"
2018,4,4,"November"
2018,4,4,"November"
2018,4,4,"November"
2018,5,4,"November"
2018,1,1,"November"
2018,4,3,"November"
2018,2,2,"November"
2018,6,5,"November"
2018,5,4,"November"
2018,3,3,"November"
2018,4,4,"November"
2018,4,4,"November"
2018,2,2,"November"
2018,5,5,"November"
2018,0,0,"December"
2018,6,5,"December"
2018,2,2,"December"
2018,3,3,"December"
2018,1,1,"December"
2018,1,1,"December"
2018,4,4,"December"
2018,3,3,"December"
2018,6,4,"December"
2018,0,0,"December"
2018,0,0,"December"
2018,6,6,"December"
2018,2,2,"December"
2018,2,2,"December"
2018,2,1,"December"
2018,4,4,"December"
2018,3,3,"December"
2018,4,4,"December"
2018,2,2,"December"
2018,4,4,"December"
2018,6,6,"December"
2018,4,4,"December"
2018,1,1,"December"
2018,4,3,"December"
2018,1,1,"December"
2018,5,5,"December"
2018,8,5,"December"
2018,2,2,"December"
2018,5,5,"December"
2018,4,4,"December"
2018,5,5,"December"
2019,3,3,"January"
2019,2,2,"January"
2019,2,1,"January"
2019,3,3,"January"
2019,8,8,"January"
2019,5,4,"January"
2019,2,2,"January"
2019,4,4,"January"
2019,0,0,"January"
2019,6,5,"January"
2019,3,3,"January"
2019,2,1,"January"
2019,4,4,"January"
2019,4,4,"January"
2019,3,3,"January"
2019,3,3,"January"
2019,2,2,"January"
2019,5,4,"January"
2019,5,5,"January"
2019,4,3,"January"
2019,3,3,"January"
2019,3,3,"January"
2019,7,6,"January"
2019,4,4,"January"
2019,4,4,"January"
2019,3,3,"January"
2019,4,4,"January"
2019,5,4,"January"
2019,2,2,"January"
2019,4,3,"January"
2019,7,7,"January"
2019,2,2,"February"
2019,2,2,"February"
2019,1,1,"February"
2019,1,1,"February"
2019,4,3,"February"
2019,9,8,"February"
2019,5,4,"February"
2019,4,4,"February"
2019,2,2,"February"
2019,3,3,"February"
2019,0,0,"February"
2019,4,4,"February"
2019,6,5,"February"
2019,6,6,"February"
2019,4,4,"February"
2019,3,3,"February"
2019,6,6,"February"
2019,1,1,"February"
2019,3,3,"February"
2019,0,0,"February"
2019,5,5,"February"
2019,1,1,"February"
2019,5,5,"February"
2019,3,3,"February"
2019,4,4,"February"
2019,2,2,"February"
2019,0,0,"February"
2019,5,5,"February"
2019,5,4,"March"
2019,5,5,"March"
2019,2,2,"March"
2019,0,0,"March"
2019,5,5,"March"
2019,1,1,"March"
2019,5,5,"March"
2019,1,1,"March"
2019,0,0,"March"
2019,5,5,"March"
2019,1,1,"March"
2019,7,5,"March"
2019,3,2,"March"
2019,2,2,"March"
2019,4,3,"March"
2019,5,4,"March"
2019,3,3,"March"
2019,5,4,"March"
2019,1,1,"March"
2019,4,3,"March"
2019,2,2,"March"
2019,3,3,"March"
2019,5,5,"March"
2019,8,8,"March"
2019,4,4,"March"
2019,2,2,"March"
2019,4,4,"March"
2019,8,7,"March"
2019,4,4,"March"
2019,7,3,"March"
2019,2,2,"March"
2019,2,2,"April"
2019,1,1,"April"
2019,4,3,"April"
2019,1,1,"April"
2019,2,2,"April"
2019,5,4,"April"
2019,4,3,"April"
2019,3,3,"April"
2019,2,1,"April"
2019,2,2,"April"
2019,1,1,"April"
2019,7,7,"April"
2019,2,2,"April"
2019,6,6,"April"
2019,5,5,"April"
2019,2,2,"April"
2019,1,1,"April"
2019,3,3,"April"
2019,10,9,"April"
2019,5,5,"April"
2019,1,1,"April"
2019,0,0,"April"
2019,7,7,"April"
2019,3,3,"April"
2019,4,4,"April"
2019,4,4,"April"
2019,3,3,"April"
2019,3,3,"April"
2019,2,2,"April"
2019,3,3,"April"
2019,3,3,"May"
2019,4,3,"May"
2019,2,2,"May"
2019,4,4,"May"
2019,4,3,"May"
2019,2,2,"May"
2019,6,5,"May"
2019,3,3,"May"
2019,3,3,"May"
2019,1,1,"May"
2019,4,4,"May"
2019,1,1,"May"
2019,5,4,"May"
2019,1,1,"May"
2019,0,0,"May"
2019,4,4,"May"
2019,5,3,"May"
2019,4,4,"May"
2019,6,5,"May"
2019,4,3,"May"
2019,1,1,"May"
2019,4,3,"May"
2019,1,1,"May"
2019,3,3,"May"
2019,6,6,"May"
2019,5,5,"May"
2019,8,7,"May"
2019,2,2,"May"
2019,5,5,"May"
2019,3,3,"May"
2019,2,2,"May"
2019,3,3,"June"
2019,7,5,"June"
2019,1,1,"June"
2019,2,1,"June"
2019,2,2,"June"
2019,5,5,"June"
2019,6,6,"June"
2019,5,5,"June"
2019,0,0,"June"
2019,6,6,"June"
2019,4,4,"June"
2019,3,3,"June"
2019,3,3,"June"
2019,3,3,"June"
2019,4,4,"June"
2019,4,4,"June"
2019,4,4,"June"
2019,0,0,"June"
2019,2,1,"June"
2019,2,2,"June"
2019,0,0,"June"
2019,4,4,"June"
2019,3,3,"June"
2019,1,1,"June"
2019,2,2,"June"
2019,3,3,"June"
2019,5,5,"June"
2019,6,5,"June"
2019,2,2,"June"
2019,1,1,"June"
2019,2,2,"July"
2019,1,1,"July"
2019,5,5,"July"
2019,3,2,"July"
2019,5,4,"July"
2019,4,4,"July"
2019,2,2,"July"
2019,1,1,"July"
2019,2,2,"July"
2019,2,2,"July"
2019,4,4,"July"
2019,3,3,"July"
2019,2,2,"July"
2019,2,2,"July"
2019,6,5,"July"
2019,3,3,"July"
2019,0,0,"July"
2019,2,2,"July"
2019,2,2,"July"
2019,5,5,"July"
2019,4,4,"July"
2019,1,1,"July"
2019,1,1,"July"
2019,1,1,"July"
2019,2,2,"July"
2019,2,2,"July"
2019,4,4,"July"
2019,4,3,"July"
2019,6,6,"July"
2019,3,3,"July"
2019,0,0,"July"
2019,3,3,"August"
2019,3,3,"August"
2019,3,3,"August"
2019,4,4,"August"
2019,3,3,"August"
2019,2,2,"August"
2019,1,1,"August"
2019,5,4,"August"
2019,2,2,"August"
2019,4,4,"August"
2019,4,3,"August"
2019,2,2,"August"
2019,6,5,"August"
2019,1,1,"August"
2019,1,1,"August"
2019,3,3,"August"
2019,7,6,"August"
2019,1,1,"August"
2019,6,6,"August"
2019,2,2,"August"
2019,1,1,"August"
2019,3,3,"August"
2019,5,5,"August"
2019,5,4,"August"
2019,1,1,"August"
2019,2,2,"August"
2019,2,2,"August"
2019,4,4,"August"
2019,4,4,"August"
2019,5,5,"August"
2019,4,4,"August"
2019,2,1,"September"
2019,3,3,"September"
2019,2,2,"September"
2019,5,5,"September"
2019,0,0,"September"
2019,7,6,"September"
2019,2,2,"September"
2019,4,3,"September"
2019,0,0,"September"
2019,3,3,"September"
2019,5,5,"September"
2019,2,2,"September"
2019,4,3,"September"
2019,4,4,"September"
2019,5,4,"September"
2019,5,5,"September"
2019,7,7,"September"
2019,1,1,"September"
2019,4,4,"September"
2019,1,1,"September"
2019,4,3,"September"
2019,3,3,"September"
2019,2,2,"September"
2019,3,2,"September"
2019,1,1,"September"
2019,1,1,"September"
2019,5,5,"September"
2019,3,3,"September"
2019,3,2,"September"
2019,0,0,"September"
2019,3,3,"October"
2019,1,1,"October"
2019,2,2,"October"
2019,9,8,"October"
2019,3,3,"October"
2019,5,5,"October"
2019,3,2,"October"
2019,2,2,"October"
2019,4,4,"October"
2019,5,4,"October"
2019,2,2,"October"
2019,4,3,"October"
2019,7,7,"October"
2019,1,1,"October"
2019,7,5,"October"
2019,1,1,"October"
2019,3,3,"October"
2019,2,2,"October"
2019,4,4,"October"
2019,4,4,"October"
2019,2,2,"October"
2019,1,1,"October"
2019,2,2,"October"
2019,1,1,"October"
2019,0,0,"October"
2019,4,4,"October"
2019,7,5,"October"
2019,3,3,"October"
2019,4,4,"October"
2019,2,2,"October"
2019,3,3,"October"
2019,4,4,"November"
2019,1,1,"November"
2019,1,1,"November"
2019,2,2,"November"
2019,1,1,"November"
2019,2,2,"November"
2019,6,5,"November"
2019,2,2,"November"
2019,5,5,"November"
2019,3,3,"November"
2019,5,5,"November"
2019,3,3,"November"
2019,6,5,"November"
2019,1,1,"November"
2019,3,2,"November"
2019,4,4,"November"
2019,0,0,"November"
2019,4,3,"November"
2019,2,2,"November"
2019,6,5,"November"
2019,4,4,"November"
2019,1,1,"November"
2019,2,2,"November"
2019,2,2,"November"
2019,2,2,"November"
2019,3,3,"November"
2019,2,2,"November"
2019,3,3,"November"
2019,1,1,"November"
2019,3,3,"November"
2019,1,1,"December"
2019,6,2,"December"
2019,2,2,"December"
2019,2,2,"December"
2019,4,4,"December"
2019,3,3,"December"
2019,2,2,"December"
2019,5,5,"December"
2019,2,2,"December"
2019,6,6,"December"
2019,2,2,"December"
2019,3,3,"December"
2019,7,5,"December"
2019,7,7,"December"
2019,4,4,"December"
2019,0,0,"December"
2019,7,6,"December"
2019,2,2,"December"
2019,8,7,"December"
2019,7,6,"December"
2019,5,5,"December"
2019,2,2,"December"
2019,3,3,"December"
2019,1,1,"December"
2019,7,5,"December"
2019,1,1,"December"
2019,2,2,"December"
2019,3,3,"December"
2019,2,1,"December"
2019,1,1,"December"
2019,3,3,"December"
2020,3,3,"January"
2020,2,1,"January"
2020,5,5,"January"
2020,1,1,"January"
2020,1,1,"January"
2020,2,2,"January"
2020,1,1,"January"
2020,4,4,"January"
2020,0,0,"January"
2020,1,1,"January"
2020,1,1,"January"
2020,6,5,"January"
2020,6,4,"January"
2020,1,1,"January"
2020,2,2,"January"
2020,2,2,"January"
2020,4,4,"January"
2020,4,2,"January"
2020,1,1,"January"
2020,3,3,"January"
2020,5,3,"January"
2020,3,3,"January"
2020,5,5,"January"
2020,1,1,"January"
2020,1,1,"January"
2020,1,1,"January"
2020,4,4,"January"
2020,3,2,"January"
2020,0,0,"January"
2020,4,4,"January"
2020,5,5,"January"
2020,5,2,"February"
2020,3,3,"February"
2020,1,1,"February"
2020,3,2,"February"
2020,1,1,"February"
2020,1,1,"February"
2020,2,2,"February"
2020,1,1,"February"
2020,1,1,"February"
2020,5,5,"February"
2020,1,1,"February"
2020,4,4,"February"
2020,4,4,"February"
2020,6,4,"February"
2020,7,6,"February"
2020,4,4,"February"
2020,4,4,"February"
2020,3,3,"February"
2020,3,3,"February"
2020,2,2,"February"
2020,4,4,"February"
2020,4,3,"February"
2020,3,3,"February"
2020,1,1,"February"
2020,6,5,"February"
2020,4,2,"February"
2020,4,4,"February"
2020,2,2,"February"
2020,4,4,"February"
2020,2,2,"March"
2020,3,3,"March"
2020,4,4,"March"
2020,1,1,"March"
2020,2,2,"March"
2020,3,2,"March"
2020,4,4,"March"
2020,3,3,"March"
2020,3,3,"March"
2020,3,3,"March"
2020,5,5,"March"
2020,3,3,"March"
2020,3,3,"March"
2020,8,7,"March"
2020,4,4,"March"
2020,4,4,"March"
2020,6,6,"March"
2020,4,3,"March"
2020,2,2,"March"
2020,2,2,"March"
2020,9,9,"March"
2020,5,4,"March"
2020,2,2,"March"
2020,2,2,"March"
2020,3,3,"March"
2020,3,3,"March"
2020,1,1,"March"
2020,2,2,"March"
2020,2,2,"March"
2020,3,3,"March"
2020,1,1,"March"
2020,4,4,"April"
2020,4,4,"April"
2020,4,3,"April"
2020,3,2,"April"
2020,4,3,"April"
2020,1,1,"April"
2020,2,2,"April"
2020,1,1,"April"
2020,0,0,"April"
2020,3,3,"April"
2020,1,1,"April"
2020,3,3,"April"
2020,0,0,"April"
2020,2,2,"April"
2020,5,5,"April"
2020,3,3,"April"
2020,4,4,"April"
2020,4,4,"April"
2020,4,4,"April"
2020,1,1,"April"
2020,3,3,"April"
2020,7,4,"April"
2020,2,2,"April"
2020,2,1,"April"
2020,4,3,"April"
2020,0,0,"April"
2020,2,2,"April"
2020,1,1,"April"
2020,6,5,"April"
2020,0,0,"April"
2020,1,1,"May"
2020,5,4,"May"
2020,3,3,"May"
2020,1,1,"May"
2020,4,4,"May"
2020,2,2,"May"
2020,1,1,"May"
2020,1,1,"May"
2020,1,1,"May"
2020,3,3,"May"
2020,4,3,"May"
2020,2,2,"May"
2020,1,1,"May"
2020,7,5,"May"
2020,5,3,"May"
2020,7,6,"May"
2020,1,1,"May"
2020,1,1,"May"
2020,3,3,"May"
2020,3,3,"May"
2020,5,3,"May"
2020,0,0,"May"
2020,1,1,"May"
2020,1,1,"May"
2020,1,1,"May"
2020,0,0,"May"
2020,4,4,"May"
2020,4,3,"May"
2020,4,3,"May"
2020,3,3,"May"
2020,3,3,"May"
2020,2,1,"June"
2020,0,0,"June"
2020,2,2,"June"
2020,0,0,"June"
2020,3,3,"June"
2020,5,5,"June"
2020,7,3,"June"
2020,3,3,"June"
2020,4,4,"June"
2020,2,2,"June"
2020,0,0,"June"
2020,3,2,"June"
2020,5,4,"June"
2020,2,2,"June"
2020,3,3,"June"
2020,4,4,"June"
2020,3,3,"June"
2020,4,4,"June"
2020,2,2,"June"
2020,1,1,"June"
2020,1,1,"June"
2020,1,1,"June"
2020,1,1,"June"
2020,2,2,"June"
2020,1,1,"June"
2020,6,6,"June"
2020,2,1,"June"
2020,7,6,"June"
2020,3,3,"June"
2020,3,3,"June"
2020,4,3,"July"
2020,2,2,"July"
2020,2,2,"July"
2020,1,1,"July"
2020,5,5,"July"
2020,5,5,"July"
2020,4,4,"July"
2020,3,3,"July"
2020,4,4,"July"
2020,5,5,"July"
2020,8,7,"July"
2020,1,1,"July"
2020,1,1,"July"
2020,0,0,"July"
2020,4,4,"July"
2020,4,4,"July"
2020,5,5,"July"
2020,4,4,"July"
2020,2,2,"July"
2020,4,4,"July"
2020,2,2,"July"
2020,2,2,"July"
2020,1,1,"July"
2020,5,4,"July"
2020,5,2,"July"
2020,4,4,"July"
2020,1,1,"July"
2020,3,3,"July"
2020,3,3,"July"
2020,2,2,"July"
2020,0,0,"July"
2020,4,4,"August"
2020,3,3,"August"
2020,4,4,"August"
2020,3,3,"August"
2020,2,1,"August"
2020,2,2,"August"
2020,2,2,"August"
2020,6,5,"August"
2020,1,1,"August"
2020,3,3,"August"
2020,2,2,"August"
2020,1,1,"August"
2020,5,4,"August"
2020,4,4,"August"
2020,5,4,"August"
2020,5,3,"August"
2020,0,0,"August"
2020,3,3,"August"
2020,1,1,"August"
2020,1,1,"August"
2020,3,3,"August"
2020,3,3,"August"
2020,2,2,"August"
2020,2,2,"August"
2020,2,2,"August"
2020,8,6,"August"
2020,5,4,"August"
2020,3,2,"August"
2020,5,4,"August"
2020,6,5,"August"
2020,0,0,"August"
2020,1,1,"September"
2020,4,4,"September"
2020,0,0,"September"
2020,2,2,"September"
2020,8,6,"September"
2020,4,3,"September"
2020,2,2,"September"
2020,2,2,"September"
2020,3,3,"September"
2020,2,2,"September"
2020,3,3,"September"
2020,3,3,"September"
2020,8,5,"September"
2020,6,6,"September"
2020,1,1,"September"
2020,0,0,"September"
2020,1,1,"September"
2020,2,2,"September"
2020,4,4,"September"
2020,3,3,"September"
2020,2,2,"September"
2020,2,2,"September"
2020,0,0,"September"
2020,2,2,"September"
2020,3,3,"September"
2020,4,3,"September"
2020,3,3,"September"
2020,4,4,"September"
2020,3,3,"September"
2020,1,1,"September"
2020,2,2,"October"
2020,4,2,"October"
2020,5,5,"October"
2020,5,5,"October"
2020,3,3,"October"
2020,4,4,"October"
2020,3,3,"October"
2020,0,0,"October"
2020,4,3,"October"
2020,7,5,"October"
2020,1,1,"October"
2020,2,2,"October"
2020,6,6,"October"
2020,6,6,"October"
2020,7,7,"October"
2020,4,4,"October"
2020,7,7,"October"
2020,4,4,"October"
2020,4,3,"October"
2020,0,0,"October"
2020,3,3,"October"
2020,4,4,"October"
2020,3,3,"October"
2020,3,3,"October"
2020,3,3,"October"
2020,1,1,"October"
2020,0,0,"October"
2020,3,3,"October"
2020,2,2,"October"
2020,3,3,"October"
2020,1,1,"October"
2020,9,7,"November"
2020,3,3,"November"
2020,3,3,"November"
2020,1,1,"November"
2020,4,4,"November"
2020,2,2,"November"
2020,4,4,"November"
2020,2,2,"November"
2020,2,2,"November"
2020,2,2,"November"
2020,3,3,"November"
2020,3,3,"November"
2020,2,2,"November"
2020,6,6,"November"
2020,4,3,"November"
2020,1,1,"November"
2020,4,4,"November"
2020,4,3,"November"
2020,4,4,"November"
2020,6,5,"November"
2020,6,5,"November"
2020,7,6,"November"
2020,1,1,"November"
2020,4,4,"November"
2020,0,0,"November"
2020,1,1,"November"
2020,4,4,"November"
2020,5,3,"November"
2020,5,5,"November"
2020,0,0,"November"
2020,3,3,"December"
2020,4,4,"December"
2020,2,2,"December"
2020,4,4,"December"
2020,4,4,"December"
2020,3,3,"December"
2020,4,4,"December"
2020,0,0,"December"
2020,4,4,"December"
2020,2,1,"December"
2020,3,3,"December"
2020,4,3,"December"
2020,4,4,"December"
2020,3,3,"December"
2020,2,2,"December"
2020,4,4,"December"
2020,1,1,"December"
2020,7,6,"December"
2020,2,2,"December"
2020,4,4,"December"
2020,2,2,"December"
2020,4,4,"December"
2020,4,3,"December"
2020,5,4,"December"
2020,4,4,"December"
2020,0,0,"December"
2020,2,2,"December"
2020,5,4,"December"
2020,3,3,"December"
2020,0,0,"December"
2020,2,2,"December"
2021,3,3,"January"
2021,0,0,"January"
2021,3,3,"January"
2021,4,4,"January"
2021,2,1,"January"
2021,4,4,"January"
2021,2,2,"January"
2021,4,4,"January"
2021,0,0,"January"
2021,3,3,"January"
2021,3,3,"January"
2021,1,1,"January"
2021,1,1,"January"
2021,3,2,"January"
2021,4,4,"January"
2021,4,4,"January"
2021,9,7,"January"
2021,2,2,"January"
2021,3,3,"January"
2021,3,3,"January"
2021,4,4,"January"
2021,3,3,"January"
2021,5,5,"January"
2021,6,5,"January"
2021,3,3,"January"
2021,4,2,"January"
2021,3,3,"January"
2021,4,4,"January"
2021,3,3,"January"
2021,1,1,"January"
2021,3,3,"January"
2021,3,3,"February"
2021,0,0,"February"
2021,2,2,"February"
2021,5,3,"February"
2021,3,3,"February"
2021,2,2,"February"
2021,5,5,"February"
2021,4,4,"February"
2021,3,3,"February"
2021,4,4,"February"
2021,2,2,"February"
2021,2,2,"February"
2021,3,3,"February"
2021,7,7,"February"
2021,3,3,"February"
2021,4,4,"February"
2021,4,3,"February"
2021,2,2,"February"
2021,4,4,"February"
2021,5,5,"February"
2021,2,2,"February"
2021,0,0,"February"
2021,7,5,"February"
2021,2,2,"February"
2021,3,3,"February"
2021,4,4,"February"
2021,5,5,"February"
2021,5,5,"February"
2021,0,0,"March"
2021,1,1,"March"
2021,5,5,"March"
2021,0,0,"March"
2021,3,3,"March"
2021,8,7,"March"
2021,5,5,"March"
2021,3,3,"March"
2021,3,3,"March"
2021,6,6,"March"
2021,1,1,"March"
2021,4,4,"March"
2021,0,0,"March"
2021,3,3,"March"
2021,3,3,"March"
2021,2,2,"March"
2021,4,3,"March"
2021,3,3,"March"
2021,4,4,"March"
2021,7,6,"March"
2021,7,5,"March"
2021,5,5,"March"
2021,1,1,"March"
2021,1,1,"March"
2021,1,1,"March"
2021,0,0,"March"
2021,5,5,"March"
2021,4,4,"March"
2021,3,3,"March"
2021,6,6,"March"
2021,2,2,"March"
2021,6,6,"April"
2021,4,4,"April"
2021,9,7,"April"
2021,2,2,"April"
2021,3,3,"April"
2021,1,1,"April"
2021,1,1,"April"
2021,2,2,"April"
2021,2,2,"April"
2021,2,2,"April"
2021,7,6,"April"
2021,0,0,"April"
2021,4,4,"April"
2021,0,0,"April"
2021,2,2,"April"
2021,3,3,"April"
2021,6,5,"April"
2021,0,0,"April"
2021,1,1,"April"
2021,1,1,"April"
2021,2,2,"April"
2021,8,6,"April"
2021,0,0,"April"
2021,2,2,"April"
2021,6,5,"April"
2021,2,2,"April"
2021,3,3,"April"
2021,2,2,"April"
2021,1,1,"April"
2021,3,3,"April"
2021,9,9,"May"
2021,2,2,"May"
2021,2,2,"May"
2021,3,3,"May"
2021,1,1,"May"
2021,3,3,"May"
2021,4,4,"May"
2021,2,2,"May"
2021,0,0,"May"
2021,2,2,"May"
2021,2,2,"May"
2021,1,1,"May"
2021,3,3,"May"
2021,6,6,"May"
2021,6,5,"May"
2021,1,1,"May"
2021,0,0,"May"
2021,0,0,"May"
2021,1,1,"May"
2021,4,4,"May"
2021,2,2,"May"
2021,0,0,"May"
2021,0,0,"May"
2021,1,1,"May"
2021,4,4,"May"
2021,1,1,"May"
2021,5,5,"May"
2021,1,1,"May"
2021,5,5,"May"
2021,8,8,"May"
2021,0,0,"May"
2021,3,3,"June"
2021,2,2,"June"
2021,3,3,"June"
2021,3,3,"June"
2021,2,2,"June"
2021,7,7,"June"
2021,1,1,"June"
2021,2,2,"June"
2021,7,7,"June"
2021,3,3,"June"
2021,5,5,"June"
2021,4,4,"June"
2021,2,2,"June"
2021,1,1,"June"
2021,3,3,"June"
2021,6,6,"June"
2021,4,4,"June"
2021,3,3,"June"
2021,3,3,"June"
2021,3,3,"June"
2021,5,5,"June"
2021,2,2,"June"
2021,5,3,"June"
2021,6,4,"June"
2021,2,2,"June"
2021,0,0,"June"
2021,1,1,"June"
2021,3,3,"June"
2021,3,3,"June"
2021,9,8,"June"
2021,5,5,"July"
2021,2,2,"July"
2021,4,4,"July"
2021,3,2,"July"
2021,1,1,"July"
2021,2,2,"July"
2021,3,3,"July"
2021,2,1,"July"
2021,6,5,"July"
2021,4,4,"July"
2021,5,4,"July"
2021,2,2,"July"
2021,1,1,"July"
2021,4,4,"July"
2021,2,2,"July"
2021,5,5,"July"
2021,3,3,"July"
2021,2,2,"July"
2021,6,5,"July"
2021,3,3,"July"
2021,3,3,"July"
2021,6,4,"July"
2021,2,2,"July"
2021,5,5,"July"
2021,2,2,"July"
2021,3,3,"July"
2021,2,2,"July"
2021,6,4,"July"
2021,2,2,"July"
2021,7,5,"July"
2021,4,4,"July"
2021,3,2,"August"
2021,3,3,"August"
2021,0,0,"August"
2021,0,0,"August"
2021,4,4,"August"
2021,2,2,"August"
2021,2,2,"August"
2021,5,4,"August"
2021,4,3,"August"
2021,2,2,"August"
2021,4,4,"August"
2021,1,1,"August"
2021,1,1,"August"
2021,4,4,"August"
2021,2,2,"August"
2021,1,1,"August"
2021,3,3,"August"
2021,3,3,"August"
2021,0,0,"August"
2021,8,5,"August"
2021,3,3,"August"
2021,1,1,"August"
2021,0,0,"August"
2021,1,1,"August"
2021,1,1,"August"
2021,4,2,"August"
2021,5,4,"August"
2021,1,1,"August"
2021,2,2,"August"
2021,7,6,"August"
2021,2,2,"August"
2021,3,3,"September"
2021,4,4,"September"
2021,2,2,"September"
2021,4,4,"September"
2021,4,4,"September"
2021,0,0,"September"
2021,1,1,"September"
2021,4,4,"September"
2021,4,4,"September"
2021,1,1,"September"
2021,5,5,"September"
2021,4,4,"September"
2021,1,1,"September"
2021,3,2,"September"
2021,1,1,"September"
2021,2,2,"September"
2021,4,3,"September"
2021,3,3,"September"
2021,1,1,"September"
2021,0,0,"September"
2021,5,3,"September"
2021,2,2,"September"
2021,4,4,"September"
2021,2,2,"September"
2021,5,5,"September"
2021,1,1,"September"
2021,0,0,"September"
2021,1,1,"September"
2021,5,2,"September"
2021,8,4,"September"
2021,4,4,"October"
2021,5,5,"October"
2021,1,1,"October"
2021,3,3,"October"
2021,4,4,"October"
2021,1,1,"October"
2021,3,3,"October"
2021,5,4,"October"
2021,4,4,"October"
2021,5,4,"October"
2021,4,3,"October"
2021,3,3,"October"
2021,4,4,"October"
2021,5,3,"October"
2021,2,2,"October"
2021,1,1,"October"
2021,4,4,"October"
2021,0,0,"October"
2021,1,1,"October"
2021,1,1,"October"
2021,4,4,"October"
2021,5,4,"October"
2021,9,9,"October"
2021,2,2,"October"
2021,2,2,"October"
2021,3,3,"October"
2021,1,1,"October"
2021,4,4,"October"
2021,3,3,"October"
2021,4,4,"October"
2021,7,6,"October"
2021,4,4,"November"
2021,4,4,"November"
2021,3,3,"November"
2021,4,4,"November"
2021,1,1,"November"
2021,3,2,"November"
2021,3,2,"November"
2021,5,5,"November"
2021,5,4,"November"
2021,4,4,"November"
2021,6,4,"November"
2021,1,1,"November"
2021,2,1,"November"
2021,2,2,"November"
2021,4,4,"November"
2021,0,0,"November"
2021,2,2,"November"
2021,2,2,"November"
2021,4,4,"November"
2021,2,2,"November"
2021,1,1,"November"
2021,2,2,"November"
2021,3,2,"November"
2021,5,4,"November"
2021,2,2,"November"
2021,6,6,"November"
2021,4,4,"November"
2021,2,2,"November"
2021,2,2,"November"
2021,6,6,"November"
2021,2,2,"December"
2021,3,3,"December"
2021,3,3,"December"
2021,0,0,"December"
2021,1,1,"December"
2021,4,4,"December"
2021,4,4,"December"
2021,4,4,"December"
2021,1,1,"December"
2021,9,8,"December"
2021,2,2,"December"
2021,4,4,"December"
2021,2,2,"December"
2021,7,6,"December"
2021,5,5,"December"
2021,3,3,"December"
2021,5,5,"December"
2021,3,3,"December"
2021,1,1,"December"
2021,2,2,"December"
2021,3,3,"December"
2021,5,5,"December"
2021,4,4,"December"
2021,1,1,"December"
2021,7,7,"December"
2021,2,1,"December"
2021,4,3,"December"
2021,1,1,"December"
2021,2,2,"December"
2021,5,5,"December"
2021,3,3,"December"
2022,2,2,"January"
2022,2,2,"January"
2022,4,4,"January"
2022,0,0,"January"
2022,4,3,"January"
2022,6,5,"January"
2022,5,4,"January"
2022,4,4,"January"
2022,2,2,"January"
2022,2,2,"January"
2022,2,2,"January"
2022,2,2,"January"
2022,5,5,"January"
2022,5,5,"January"
2022,3,3,"January"
2022,8,8,"January"
2022,1,1,"January"
2022,1,1,"January"
2022,3,3,"January"
2022,2,2,"January"
2022,3,3,"January"
2022,2,2,"January"
2022,1,1,"January"
2022,3,3,"January"
2022,3,3,"January"
2022,5,5,"January"
2022,1,1,"January"
2022,4,4,"January"
2022,2,2,"January"
2022,4,3,"January"
2022,2,2,"January"
2022,3,3,"February"
2022,3,3,"February"
2022,3,3,"February"
2022,4,4,"February"
2022,5,5,"February"
2022,7,6,"February"
2022,0,0,"February"
2022,1,1,"February"
2022,0,0,"February"
2022,2,2,"February"
2022,1,1,"February"
2022,5,5,"February"
2022,4,4,"February"
2022,2,2,"February"
2022,8,7,"February"
2022,7,6,"February"
2022,3,3,"February"
2022,1,1,"February"
2022,14,10,"February"
2022,2,2,"February"
2022,2,2,"February"
2022,6,6,"February"
2022,5,5,"February"
2022,4,4,"February"
2022,5,5,"February"
2022,2,2,"February"
2022,10,10,"February"
2022,2,2,"February"
2022,1,1,"March"
2022,3,3,"March"
2022,1,1,"March"
2022,4,3,"March"
2022,4,4,"March"
2022,6,5,"March"
2022,3,3,"March"
2022,1,1,"March"
2022,3,3,"March"
2022,0,0,"March"
2022,4,3,"March"
2022,4,4,"March"
2022,5,4,"March"
2022,1,1,"March"
2022,2,2,"March"
2022,2,2,"March"
2022,5,5,"March"
2022,5,5,"March"
2022,2,2,"March"
2022,3,3,"March"
2022,2,2,"March"
2022,3,3,"March"
2022,2,2,"March"
2022,7,6,"March"
2022,4,4,"March"
2022,3,3,"March"
2022,3,3,"March"
2022,6,6,"March"
2022,2,2,"March"
2022,3,3,"March"
2022,1,1,"March"
2022,3,3,"April"
2022,3,2,"April"
2022,5,5,"April"
2022,2,2,"April"
2022,2,2,"April"
2022,0,0,"April"
2022,2,2,"April"
2022,2,1,"April"
2022,4,4,"April"
2022,7,6,"April"
2022,2,2,"April"
2022,4,4,"April"
2022,5,2,"April"
2022,5,4,"April"
2022,4,4,"April"
2022,3,3,"April"
2022,2,2,"April"
2022,5,4,"April"
2022,2,2,"April"
2022,2,2,"April"
2022,5,3,"April"
2022,3,3,"April"
2022,4,4,"April"
2022,3,3,"April"
2022,2,2,"April"
2022,3,3,"April"
2022,2,2,"April"
2022,6,6,"April"
2022,4,4,"April"
2022,5,5,"April"
2022,6,6,"May"
2022,3,3,"May"
2022,3,3,"May"
2022,5,5,"May"
2022,4,4,"May"
2022,8,7,"May"
2022,1,1,"May"
2022,5,4,"May"
2022,2,2,"May"
2022,4,3,"May"
2022,4,4,"May"
2022,3,3,"May"
2022,1,1,"May"
2022,3,3,"May"
2022,4,3,"May"
2022,4,4,"May"
2022,3,3,"May"
2022,3,3,"May"
2022,1,1,"May"
2022,6,6,"May"
2022,6,6,"May"
2022,2,2,"May"
2022,1,1,"May"
2022,3,3,"May"
2022,2,2,"May"
2022,4,4,"May"
2022,1,1,"May"
2022,3,3,"May"
2022,4,4,"May"
2022,4,4,"May"
2022,1,1,"May"
2022,4,2,"June"
2022,3,3,"June"
2022,3,3,"June"
2022,3,3,"June"
2022,2,2,"June"
2022,3,3,"June"
2022,2,2,"June"
2022,2,1,"June"
2022,5,5,"June"
2022,3,3,"June"
2022,3,3,"June"
2022,3,3,"June"
2022,1,1,"June"
2022,2,1,"June"
2022,4,2,"June"
2022,5,5,"June"
2022,3,3,"June"
2022,5,4,"June"
2022,2,2,"June"
2022,5,5,"June"
2022,6,6,"June"
2022,3,2,"June"
2022,4,4,"June"
2022,4,4,"June"
2022,4,4,"June"
2022,3,3,"June"
2022,4,4,"June"
2022,0,0,"June"
2022,0,0,"June"
2022,2,2,"June"
2022,5,5,"July"
2022,1,1,"July"
2022,3,3,"July"
2022,2,2,"July"
2022,4,4,"July"
2022,1,1,"July"
2022,1,1,"July"
2022,3,3,"July"
2022,1,1,"July"
2022,1,1,"July"
2022,0,0,"July"
2022,0,0,"July"
2022,3,3,"July"
2022,4,4,"July"
2022,5,4,"July"
2022,2,2,"July"
2022,6,6,"July"
2022,3,3,"July"
2022,3,3,"July"
2022,1,1,"July"
2022,2,2,"July"
2022,6,6,"July"
2022,2,2,"July"
2022,2,2,"July"
2022,3,3,"July"
2022,3,3,"July"
2022,3,3,"July"
2022,2,2,"July"
2022,0,0,"July"
2022,1,1,"July"
2022,3,3,"July"
2022,2,1,"August"
2022,1,1,"August"
2022,2,2,"August"
2022,4,4,"August"
2022,8,7,"August"
2022,3,3,"August"
2022,5,5,"August"
2022,1,1,"August"
2022,3,3,"August"
2022,0,0,"August"
2022,5,4,"August"
2022,2,1,"August"
2022,1,1,"August"
2022,3,3,"August"
2022,2,2,"August"
2022,3,3,"August"
2022,3,3,"August"
2022,3,2,"August"
2022,4,3,"August"
2022,4,4,"August"
2022,2,2,"August"
2022,2,2,"August"
2022,1,1,"August"
2022,2,2,"August"
2022,0,0,"August"
2022,1,1,"August"
2022,7,5,"August"
2022,6,5,"August"
2022,5,5,"August"
2022,6,6,"August"
2022,2,2,"August"
2022,3,3,"September"
2022,8,8,"September"
2022,4,3,"September"
2022,4,4,"September"
2022,2,2,"September"
2022,13,9,"September"
2022,4,4,"September"
2022,2,2,"September"
2022,2,2,"September"
2022,4,4,"September"
2022,9,8,"September"
2022,1,1,"September"
2022,3,3,"September"
2022,1,1,"September"
2022,3,3,"September"
2022,7,6,"September"
2022,2,2,"September"
2022,3,3,"September"
2022,3,3,"September"
2022,4,4,"September"
2022,5,5,"September"
2022,5,5,"September"
2022,1,1,"September"
2022,1,1,"September"
2022,5,5,"September"
2022,6,6,"September"
2022,1,1,"September"
2022,1,1,"September"
2022,5,5,"September"
2022,8,8,"September"
2022,2,2,"October"
2022,4,4,"October"
2022,1,1,"October"
2022,3,3,"October"
2022,2,2,"October"
2022,2,2,"October"
2022,5,4,"October"
2022,5,5,"October"
2022,6,5,"October"
2022,2,2,"October"
2022,3,3,"October"
2022,4,4,"October"
2022,4,4,"October"
2022,4,3,"October"
2022,4,4,"October"
2022,5,3,"October"
2022,0,0,"October"
2022,2,2,"October"
2022,0,0,"October"
2022,3,3,"October"
2022,2,2,"October"
2022,2,2,"October"
2022,4,4,"October"
2022,1,1,"October"
2022,1,1,"October"
2022,5,5,"October"
2022,0,0,"October"
2022,4,4,"October"
2022,2,2,"October"
2022,2,2,"October"
2022,4,3,"October"
2022,5,4,"November"
2022,2,2,"November"
2022,2,2,"November"
2022,3,3,"November"
2022,9,8,"November"
2022,3,3,"November"
2022,2,2,"November"
2022,1,1,"November"
2022,5,5,"November"
2022,5,5,"November"
2022,4,4,"November"
2022,5,5,"November"
2022,6,6,"November"
2022,2,2,"November"
2022,3,3,"November"
2022,1,1,"November"
2022,2,2,"November"
2022,4,4,"November"
2022,0,0,"November"
2022,4,4,"November"
2022,2,2,"November"
2022,3,3,"November"
2022,4,4,"November"
2022,6,5,"November"
2022,4,4,"November"
2022,7,6,"November"
2022,2,2,"November"
2022,2,2,"November"
2022,3,3,"November"
2022,2,2,"November"
2022,3,3,"December"
2022,6,5,"December"
2022,6,6,"December"
2022,5,4,"December"
2022,0,0,"December"
2022,0,0,"December"
2022,5,5,"December"
2022,5,5,"December"
2022,4,4,"December"
2022,4,3,"December"
2022,5,5,"December"
2022,0,0,"December"
2022,1,1,"December"
2022,4,3,"December"
2022,2,2,"December"
2022,1,1,"December"
2022,4,4,"December"
2022,3,3,"December"
2022,3,3,"December"
2022,2,2,"December"
2022,2,2,"December"
2022,6,6,"December"
2022,5,5,"December"
2022,7,7,"December"
2022,1,1,"December"
2022,0,0,"December"
2022,8,5,"December"
2022,4,4,"December"
2022,1,1,"December"
2022,4,2,"December"
2022,4,3,"December"
2023,2,2,"January"
2023,1,1,"January"
2023,0,0,"January"
2023,8,5,"January"
2023,1,1,"January"
2023,10,10,"January"
2023,3,3,"January"
2023,0,0,"January"
2023,2,2,"January"
2023,4,4,"January"
2023,3,3,"January"
2023,0,0,"January"
2023,3,3,"January"
2023,4,4,"January"
2023,2,2,"January"
2023,4,4,"January"
2023,7,5,"January"
2023,2,1,"January"
2023,1,1,"January"
2023,8,6,"January"
2023,1,1,"January"
2023,4,4,"January"
2023,2,1,"January"
2023,8,5,"January"
2023,3,3,"January"
2023,1,1,"January"
2023,3,3,"January"
2023,3,3,"January"
2023,4,4,"January"
2023,4,4,"January"
2023,5,5,"January"
2023,3,3,"February"
2023,8,8,"February"
2023,2,2,"February"
2023,1,1,"February"
2023,5,4,"February"
2023,2,2,"February"
2023,6,6,"February"
2023,1,1,"February"
2023,5,5,"February"
2023,5,5,"February"
2023,4,4,"February"
2023,5,5,"February"
2023,2,2,"February"
2023,0,0,"February"
2023,1,1,"February"
2023,3,3,"February"
2023,1,1,"February"
2023,6,6,"February"
2023,3,3,"February"
2023,4,4,"February"
2023,2,2,"February"
2023,3,3,"February"
2023,3,3,"February"
2023,2,2,"February"
2023,3,3,"February"
2023,2,2,"February"
2023,3,2,"February"
2023,3,2,"February"
2023,6,5,"March"
2023,4,4,"March"
2023,6,6,"March"
2023,7,7,"March"
2023,2,2,"March"
2023,5,4,"March"
2023,4,4,"March"
2023,3,3,"March"
2023,2,2,"March"
2023,5,5,"March"
2023,8,6,"March"
2023,0,0,"March"
2023,3,1,"March"
2023,1,1,"March"
2023,1,1,"March"
2023,1,1,"March"
2023,3,3,"March"
2023,4,4,"March"
2023,1,1,"March"
2023,1,1,"March"
2023,6,6,"March"
2023,4,4,"March"
2023,3,3,"March"
2023,3,3,"March"
2023,6,5,"March"
2023,3,3,"March"
2023,4,4,"March"
2023,3,3,"March"
2023,2,2,"March"
2023,7,6,"March"
2023,4,4,"March"
2023,5,5,"April"
2023,2,2,"April"
2023,1,1,"April"
2023,6,3,"April"
2023,1,1,"April"
2023,3,3,"April"
2023,7,4,"April"
2023,1,1,"April"
2023,4,3,"April"
2023,3,3,"April"
2023,2,2,"April"
2023,5,5,"April"
2023,4,4,"April"
2023,3,3,"April"
2023,4,4,"April"
2023,2,2,"April"
2023,2,2,"April"
2023,5,5,"April"
2023,2,2,"April"
2023,8,4,"April"
2023,2,2,"April"
2023,2,2,"April"
2023,1,1,"April"
2023,3,3,"April"
2023,2,2,"April"
2023,1,1,"April"
2023,3,3,"April"
2023,2,2,"April"
2023,2,2,"April"
2023,4,2,"April"
2023,4,4,"May"
2023,3,3,"May"
2023,3,3,"May"
2023,5,5,"May"
2023,2,2,"May"
2023,1,1,"May"
2023,1,1,"May"
2023,4,3,"May"
2023,2,2,"May"
2023,4,4,"May"
2023,5,5,"May"
2023,3,3,"May"
2023,2,2,"May"
2023,2,2,"May"
2023,2,1,"May"
2023,1,1,"May"
2023,4,4,"May"
2023,4,4,"May"
2023,4,4,"May"
2023,6,6,"May"
2023,3,3,"May"
2023,0,0,"May"
2023,4,4,"May"
2023,3,3,"May"
2023,4,4,"May"
2023,8,7,"May"
2023,6,3,"May"
2023,4,2,"May"
2023,2,2,"May"
2023,3,3,"May"
2023,3,2,"May"
2023,2,2,"June"
2023,6,6,"June"
2023,3,3,"June"
2023,3,3,"June"
2023,1,1,"June"
2023,1,1,"June"
2023,2,2,"June"
2023,1,1,"June"
2023,3,3,"June"
2023,5,5,"June"
2023,13,4,"June"
2023,2,2,"June"
2023,2,2,"June"
2023,1,1,"June"
2023,4,4,"June"
2023,2,2,"June"
2023,7,7,"June"
2023,4,4,"June"
2023,0,0,"June"
2023,2,2,"June"
2023,2,2,"June"
2023,2,2,"June"
2023,2,2,"June"
2023,0,0,"June"
2023,2,2,"June"
2023,3,3,"June"
2023,1,1,"June"
2023,5,5,"June"
2023,3,3,"June"
2023,2,2,"June"
2023,5,5,"July"
2023,0,0,"July"
2023,5,5,"July"
2023,3,3,"July"
2023,6,6,"July"
2023,2,2,"July"
2023,4,4,"July"
2023,5,5,"July"
2023,3,3,"July"
2023,3,3,"July"
2023,3,3,"July"
2023,4,4,"July"
2023,2,2,"July"
2023,4,4,"July"
2023,1,1,"July"
2023,5,5,"July"
2023,2,2,"July"
2023,4,4,"July"
2023,4,4,"July"
2023,3,3,"July"
2023,6,4,"July"
2023,5,5,"July"
2023,3,3,"July"
2023,3,3,"July"
2023,3,3,"July"
2023,3,3,"July"
2023,0,0,"July"
2023,3,3,"July"
2023,3,3,"July"
2023,5,5,"July"
2023,5,5,"July"
2023,1,1,"August"
2023,3,3,"August"
2023,4,4,"August"
2023,5,5,"August"
2023,8,8,"August"
2023,6,6,"August"
2023,4,4,"August"
2023,1,1,"August"
2023,0,0,"August"
2023,3,3,"August"
2023,4,4,"August"
2023,1,1,"August"
2023,1,1,"August"
2023,1,1,"August"
2023,3,3,"August"
2023,2,2,"August"
2023,3,3,"August"
2023,2,2,"August"
2023,3,3,"August"
2023,2,2,"August"
2023,1,1,"August"
2023,1,1,"August"
2023,2,2,"August"
2023,6,5,"August"
2023,6,5,"August"
2023,3,3,"August"
2023,4,4,"August"
2023,3,3,"August"
2023,3,2,"August"
2023,7,7,"August"
2023,9,6,"August"
2023,2,1,"September"
2023,8,7,"September"
2023,10,8,"September"
2023,2,2,"September"
2023,2,2,"September"
2023,0,0,"September"
2023,2,2,"September"
2023,6,5,"September"
2023,8,7,"September"
2023,2,2,"September"
2023,5,5,"September"
2023,3,2,"September"
2023,5,5,"September"
2023,1,1,"September"
2023,5,5,"September"
2023,3,3,"September"
2023,6,6,"September"
2023,4,4,"September"
2023,7,7,"September"
2023,2,2,"September"
2023,3,3,"September"
2023,6,6,"September"
2023,3,3,"September"
2023,3,2,"September"
2023,3,3,"September"
2023,1,1,"September"
2023,5,3,"September"
2023,4,3,"September"
2023,9,4,"September"
2023,7,7,"September"
2023,7,6,"October"
2023,1,1,"October"
2023,1,1,"October"
2023,6,6,"October"
2023,0,0,"October"
2023,1,1,"October"
2023,4,4,"October"
2023,4,4,"October"
2023,3,3,"October"
2023,7,5,"October"
2023,3,3,"October"
2023,5,5,"October"
2023,3,3,"October"
2023,3,3,"October"
2023,2,2,"October"
2023,6,6,"October"
2023,5,5,"October"
2023,1,1,"October"
2023,2,2,"October"
2023,5,4,"October"
2023,3,3,"October"
2023,1,1,"October"
2023,2,2,"October"
2023,3,3,"October"
2023,2,2,"October"
2023,3,3,"October"
2023,2,2,"October"
2023,3,3,"October"
2023,2,2,"October"
2023,4,3,"October"
2023,8,5,"October"
2023,5,4,"November"
2023,0,0,"November"
2023,4,4,"November"
2023,7,7,"November"
2023,8,4,"November"
2023,4,3,"November"
2023,1,1,"November"
2023,2,2,"November"
2023,3,3,"November"
2023,3,3,"November"
2023,9,7,"November"
2023,7,3,"November"
2023,4,4,"November"
2023,3,3,"November"
2023,1,1,"November"
2023,4,4,"November"
2023,4,4,"November"
2023,3,2,"November"
2023,4,4,"November"
2023,4,4,"November"
2023,0,0,"November"
2023,7,7,"November"
2023,5,4,"November"
2023,2,2,"November"
2023,3,3,"November"
2023,3,3,"November"
2023,3,3,"November"
2023,3,3,"November"
2023,2,2,"November"
2023,3,3,"November"
2023,3,3,"December"
2023,7,6,"December"
2023,5,5,"December"
2023,2,2,"December"
2023,3,3,"December"
2023,3,3,"December"
2023,5,5,"December"
2023,1,1,"December"
2023,7,6,"December"
2023,2,2,"December"
2023,4,4,"December"
2023,1,1,"December"
2023,2,2,"December"
2023,4,4,"December"
2023,5,5,"December"
2023,8,7,"December"
2023,3,3,"December"
2023,5,5,"December"
2023,2,2,"December"
2023,5,3,"December"
2023,3,3,"December"
2023,6,5,"December"
2023,1,1,"December"
2023,5,5,"December"
2023,2,2,"December"
2023,4,4,"December"
2023,4,4,"December"
2023,3,3,"December"
2023,6,4,"December"
2023,4,4,"December"
2023,4,3,"December"
2024,3,3,"January"
2024,1,1,"January"
2024,3,3,"January"
2024,4,4,"January"
2024,4,4,"January"
2024,3,3,"January"
2024,1,1,"January"
2024,1,1,"January"
2024,4,4,"January"
2024,5,5,"January"
2024,4,4,"January"
2024,3,3,"January"
2024,3,3,"January"
2024,4,3,"January"
2024,5,3,"January"
2024,2,2,"January"
2024,6,6,"January"
2024,6,6,"January"
2024,5,5,"January"
2024,0,0,"January"
2024,6,5,"January"
2024,2,2,"January"
2024,4,3,"January"
2024,2,2,"January"
2024,5,4,"January"
2024,1,1,"January"
2024,2,2,"January"
2024,1,1,"January"
2024,1,1,"January"
2024,2,2,"January"
2024,4,4,"January"
2024,1,1,"February"
2024,9,8,"February"
2024,9,6,"February"
2024,2,2,"February"
2024,3,3,"February"
2024,1,1,"February"
2024,2,2,"February"
2024,1,1,"February"
2024,0,0,"February"
2024,7,5,"February"
2024,6,6,"February"
2024,4,4,"February"
2024,3,3,"February"
2024,3,3,"February"
2024,3,3,"February"
2024,7,7,"February"
2024,3,3,"February"
2024,5,4,"February"
2024,5,5,"February"
2024,1,1,"February"
2024,3,3,"February"
2024,1,1,"February"
2024,3,3,"February"
2024,2,2,"February"
2024,3,3,"February"
2024,4,3,"February"
2024,7,7,"February"
2024,3,3,"February"
2024,5,5,"February"
2024,4,4,"March"
2024,2,2,"March"
2024,3,3,"March"
2024,2,2,"March"
2024,3,3,"March"
2024,3,3,"March"
2024,4,3,"March"
2024,8,8,"March"
2024,5,5,"March"
2024,1,1,"March"
2024,2,2,"March"
2024,0,0,"March"
2024,2,2,"March"
2024,6,6,"March"
2024,7,7,"March"
2024,2,2,"March"
2024,2,2,"March"
2024,1,1,"March"
2024,2,2,"March"
2024,1,1,"March"
2024,7,7,"March"
2024,9,7,"March"
2024,1,1,"March"
2024,6,6,"March"
2024,2,2,"March"
2024,2,2,"March"
2024,1,1,"March"
2024,11,9,"March"
2024,4,4,"March"
2024,3,2,"March"
2024,5,4,"March"
2024,5,4,"April"
2024,2,1,"April"
2024,5,5,"April"
2024,8,6,"April"
2024,6,4,"April"
2024,4,3,"April"
2024,7,7,"April"
2024,0,0,"April"
2024,4,4,"April"
2024,1,1,"April"
2024,6,6,"April"
2024,4,4,"April"
2024,4,4,"April"
2024,6,6,"April"
2024,3,2,"April"
2024,0,0,"April"
2024,2,2,"April"
2024,5,4,"April"
2024,6,3,"April"
2024,2,2,"April"
2024,6,6,"April"
2024,4,4,"April"
2024,4,4,"April"
2024,1,1,"April"
2024,4,3,"April"
2024,3,3,"April"
2024,2,2,"April"
2024,1,1,"April"
2024,3,3,"April"
2024,3,3,"April"
2024,5,4,"May"
2024,1,1,"May"
2024,0,0,"May"
2024,2,2,"May"
2024,2,2,"May"
2024,1,1,"May"
2024,4,3,"May"
2024,3,3,"May"
2024,2,2,"May"
2024,2,2,"May"
2024,1,1,"May"
2024,3,3,"May"
2024,1,1,"May"
2024,4,4,"May"
2024,3,3,"May"
2024,5,5,"May"
2024,7,6,"May"
2024,0,0,"May"
2024,6,5,"May"
2024,2,2,"May"
2024,4,4,"May"
2024,6,5,"May"
2024,2,2,"May"
2024,1,1,"May"
2024,1,1,"May"
2024,6,5,"May"
2024,2,2,"May"
2024,8,7,"May"
2024,6,6,"May"
2024,5,3,"May"
2024,1,1,"May"
2024,2,2,"June"
2024,1,1,"June"
2024,5,5,"June"
2024,3,3,"June"
2024,6,6,"June"
2024,3,3,"June"
2024,6,4,"June"
2024,1,1,"June"
2024,6,6,"June"
2024,6,4,"June"
2024,2,2,"June"
2024,1,1,"June"
2024,3,3,"June"
2024,4,4,"June"
2024,2,2,"June"
2024,2,2,"June"
2024,4,2,"June"
2024,3,3,"June"
2024,3,3,"June"
2024,2,2,"June"
2024,0,0,"June"
2024,4,4,"June"
2024,5,5,"June"
2024,3,3,"June"
2024,5,4,"June"
2024,4,4,"June"
2024,0,0,"June"
2024,4,4,"June"
2024,2,2,"June"
2024,5,3,"June"
2024,2,2,"July"
2024,5,5,"July"
2024,3,3,"July"
2024,3,3,"July"
2024,5,3,"July"
2024,2,2,"July"
2024,3,3,"July"
2024,5,4,"July"
2024,4,3,"July"
2024,4,3,"July"
2024,5,4,"July"
2024,3,2,"July"
2024,4,4,"July"
2024,6,5,"July"
2024,2,2,"July"
2024,5,5,"July"
2024,2,2,"July"
2024,5,5,"July"
2024,8,6,"July"
2024,5,4,"July"
2024,3,3,"July"
2024,3,3,"July"
2024,4,4,"July"
2024,2,2,"July"
2024,3,3,"July"
2024,1,1,"July"
2024,4,3,"July"
2024,8,6,"July"
2024,4,3,"July"
2024,0,0,"July"
2024,9,8,"July"
2024,5,5,"August"
2024,3,3,"August"
2024,1,1,"August"
2024,1,1,"August"
2024,7,7,"August"
2024,4,4,"August"
2024,2,2,"August"
2024,2,2,"August"
2024,5,4,"August"
2024,4,2,"August"
2024,9,6,"August"
2024,2,2,"August"
2024,3,3,"August"
2024,2,2,"August"
2024,1,1,"August"
2024,7,7,"August"
2024,5,4,"August"
2024,2,2,"August"
2024,1,1,"August"
2024,2,2,"August"
2024,3,3,"August"
2024,0,0,"August"
2024,2,2,"August"
2024,6,5,"August"
2024,2,2,"August"
2024,4,4,"August"
2024,2,2,"August"
2024,3,3,"August"
2024,1,1,"August"
2024,5,5,"August"
2024,3,3,"August"
2024,3,3,"September"
2024,5,5,"September"
2024,4,4,"September"
2024,3,3,"September"
2024,2,2,"September"
2024,2,2,"September"
2024,4,4,"September"
2024,3,3,"September"
2024,1,1,"September"
2024,2,2,"September"
2024,3,3,"September"
2024,4,4,"September"
2024,4,4,"September"
2024,4,3,"September"
2024,5,4,"September"
2024,0,0,"September"
2024,0,0,"September"
2024,7,6,"September"
2024,3,3,"September"
2024,4,4,"September"
2024,3,3,"September"
2024,3,3,"September"
2024,2,2,"September"
2024,0,0,"September"
2024,1,1,"September"
2024,3,3,"September"
2024,10,6,"September"
2024,3,3,"September"
2024,4,4,"September"
2024,1,1,"September"
2024,0,0,"October"
2024,1,1,"October"
2024,3,3,"October"
2024,6,6,"October"
2024,3,3,"October"
2024,6,6,"October"
2024,1,1,"October"
2024,1,1,"October"
2024,1,1,"October"
2024,4,4,"October"
2024,3,3,"October"
2024,3,3,"October"
2024,6,6,"October"
2024,4,4,"October"
2024,5,5,"October"
2024,2,2,"October"
2024,8,7,"October"
2024,3,2,"October"
2024,7,4,"October"
2024,5,4,"October"
2024,2,2,"October"
2024,2,2,"October"
2024,2,2,"October"
2024,1,1,"October"
2024,4,3,"October"
2024,2,2,"October"
2024,8,7,"October"
2024,4,4,"October"
2024,3,3,"October"
2024,5,5,"October"
2024,6,6,"October"
2024,5,5,"November"
2024,4,4,"November"
2024,6,5,"November"
2024,3,2,"November"
2024,6,5,"November"
2024,2,1,"November"
2024,6,5,"November"
2024,1,1,"November"
2024,6,6,"November"
2024,4,4,"November"
2024,5,5,"November"
2024,8,7,"November"
2024,2,2,"November"
2024,5,5,"November"
2024,5,5,"November"
2024,9,8,"November"
2024,6,6,"November"
2024,5,5,"November"
2024,6,6,"November"
2024,4,4,"November"
2024,2,2,"November"
2024,1,1,"November"
2024,4,4,"November"
2024,2,2,"November"
2024,4,4,"November"
2024,4,4,"November"
2024,0,0,"November"
2024,3,3,"November"
2024,5,5,"November"
2024,8,6,"November"
2024,3,3,"December"
2024,4,4,"December"
2024,2,2,"December"
2024,0,0,"December"
2024,3,3,"December"
2024,5,5,"December"
2024,6,6,"December"
2024,10,9,"December"
2024,3,3,"December"
2024,3,3,"December"
2024,3,3,"December"
2024,2,2,"December"
2024,3,3,"December"
2024,6,5,"December"
2024,7,5,"December"
2024,2,2,"December"
2024,2,2,"December"
2024,2,2,"December"
2024,2,2,"December"
2024,5,5,"December"
2024,5,5,"December"
2024,7,7,"December"
2024,4,4,"December"
2024,2,2,"December"
2024,3,3,"December"
2024,3,3,"December"
2024,3,3,"December"
2024,8,6,"December"
2024,1,1,"December"
2024,6,5,"December"
2024,3,3,"December"
2025,2,2,"January"
2025,0,0,"January"
2025,4,3,"January"
2025,3,3,"January"
2025,5,4,"January"
2025,4,4,"January"
2025,2,2,"January"
2025,6,3,"January"
2025,3,3,"January"
2025,1,1,"January"
2025,5,5,"January"
2025,2,2,"January"
2025,9,6,"January"
2025,4,4,"January"
2025,4,4,"January"
2025,6,6,"January"
2025,2,2,"January"
2025,3,3,"January"
2025,3,3,"January"
2025,3,3,"January"
2025,5,5,"January"
2025,3,3,"January"
2025,4,4,"January"
2025,2,2,"January"
2025,3,3,"January"
2025,7,6,"January"
2025,0,0,"January"
2025,5,4,"January"
2025,2,2,"January"
2025,6,6,"January"
2025,2,2,"January"
2025,3,3,"February"
2025,4,4,"February"
2025,2,2,"February"
2025,1,1,"February"
2025,4,4,"February"
2025,2,2,"February"
2025,3,3,"February"
2025,3,3,"February"
2025,5,5,"February"
2025,4,4,"February"
2025,2,2,"February"
2025,2,2,"February"
2025,2,2,"February"
2025,6,6,"February"
2025,3,3,"February"
2025,3,3,"February"
2025,5,5,"February"
2025,2,2,"February"
2025,1,1,"February"
2025,2,2,"February"
2025,2,2,"February"
2025,2,2,"February"
2025,2,2,"February"
2025,1,1,"February"
2025,1,1,"February"
2025,2,2,"February"
2025,7,7,"February"
2025,6,6,"February"
2025,4,4,"March"
2025,3,3,"March"
2025,3,2,"March"
2025,3,3,"March"
2025,3,3,"March"
2025,2,2,"March"
2025,3,3,"March"
2025,3,3,"March"
2025,2,2,"March"
2025,6,6,"March"
2025,3,3,"March"
2025,3,3,"March"
2025,2,2,"March"
2025,3,3,"March"
2025,2,2,"March"
2025,8,5,"March"
2025,1,1,"March"
2025,4,4,"March"
2025,5,5,"March"
2025,5,4,"March"
2025,2,2,"March"
2025,2,2,"March"
2025,5,5,"March"
2025,5,5,"March"
2025,3,3,"March"
2025,5,3,"March"
2025,5,5,"March"
2025,7,7,"March"
2025,4,4,"March"
2025,5,4,"March"
2025,5,5,"March"
2025,0,0,"April"
2025,4,3,"April"
2025,5,4,"April"
2025,7,6,"April"
2025,1,1,"April"
2025,10,9,"April"
2025,3,2,"April"
2025,4,4,"April"
2025,1,1,"April"
2025,6,6,"April"
2025,11,11,"April"
2025,1,1,"April"
2025,3,3,"April"
2025,1,1,"April"
2025,3,3,"April"
2025,4,4,"April"
2025,9,7,"April"
2025,1,1,"April"
2025,4,4,"April"
2025,4,3,"April"
2025,3,3,"April"
2025,4,4,"April"
2025,5,4,"April"
2025,8,8,"April"
2025,2,2,"April"
2025,3,3,"April"
2025,2,2,"April"
2025,4,3,"April"
2025,2,2,"April"
2025,1,1,"April"
2025,2,2,"May"
2025,2,2,"May"
2025,2,2,"May"
2025,6,4,"May"
2025,2,2,"May"
2025,3,3,"May"
2025,4,3,"May"
2025,3,3,"May"
2025,1,1,"May"
2025,4,4,"May"
2025,5,4,"May"
2025,9,7,"May"
2025,3,3,"May"
2025,5,5,"May"
2025,9,8,"May"
2025,5,5,"May"
2025,3,2,"May"
2025,6,6,"May"
2025,4,4,"May"
2025,4,4,"May"
2025,5,5,"May"
2025,5,5,"May"
2025,5,4,"May"
2025,3,3,"May"
2025,5,5,"May"
2025,5,2,"May"
2025,3,3,"May"
2025,5,3,"May"
2025,3,3,"May"
2025,3,3,"May"
2025,9,9,"May"
2025,3,3,"June"
2025,2,2,"June"
2025,4,3,"June"
2025,4,4,"June"
2025,3,3,"June"
2025,0,0,"June"
2025,5,5,"June"
2025,4,4,"June"
2025,4,4,"June"
2025,8,7,"June"
2025,0,0,"June"
2025,3,3,"June"
2025,4,4,"June"
2025,7,6,"June"
2025,1,1,"June"
2025,5,5,"June"
2025,3,3,"June"
2025,1,1,"June"
2025,4,4,"June"
2025,5,5,"June"
2025,4,4,"June"
2025,5,5,"June"
2025,2,2,"June"
2025,2,2,"June"
2025,4,4,"June"
2025,1,1,"June"
2025,3,3,"June"
2025,2,2,"June"
2025,3,3,"June"
2025,5,5,"June"
2025,1,1,"July"
2025,3,3,"July"
2025,4,4,"July"
2025,5,5,"July"
2025,5,5,"July"
2025,10,8,"July"
2025,7,5,"July"
2025,6,6,"July"
2025,5,5,"July"
2025,5,3,"July"
2025,2,2,"July"
2025,3,3,"July"
2025,3,3,"July"
2025,4,4,"July"
2025,1,1,"July"
2025,6,5,"July"
2025,5,3,"July"
2025,7,5,"July"
2025,3,3,"July"
2025,6,3,"July"
2025,2,2,"July"
2025,2,2,"July"
2025,1,1,"July"
2025,2,2,"July"
2025,3,3,"July"
2025,1,1,"July"
2025,6,6,"July"
2025,5,5,"July"
2025,0,0,"July"
2025,3,3,"July"
2025,2,2,"July"
2025,5,5,"August"
2025,1,1,"August"
2025,4,4,"August"
2025,3,3,"August"
2025,3,3,"August"
2025,3,3,"August"
2025,1,1,"August"
2025,10,9,"August"
2025,1,1,"August"
2025,2,2,"August"
2025,3,3,"August"
2025,3,3,"August"
2025,5,5,"August"
2025,4,4,"August"
2025,4,4,"August"
2025,3,3,"August"
2025,5,4,"August"
2025,3,3,"August"
2025,3,3,"August"
2025,3,2,"August"
2025,6,5,"August"
2025,1,1,"August"
2025,3,3,"August"
2025,10,8,"August"
2025,3,3,"August"
2025,1,1,"August"
2025,6,5,"August"
2025,2,2,"August"
2025,7,7,"August"
2025,11,9,"August"
2025,2,2,"August"
2025,1,1,"September"
2025,2,2,"September"
2025,8,8,"September"
2025,7,6,"September"
2025,1,1,"September"
2025,6,6,"September"
2025,2,2,"September"
2025,1,1,"September"
2025,1,1,"September"
2025,9,7,"September"
2025,4,4,"September"
2025,4,4,"September"
2025,4,4,"September"
2025,6,5,"September"
2025,2,2,"September"
2025,1,1,"September"
2025,2,2,"September"
2025,4,4,"September"
2025,2,2,"September"
2025,2,2,"September"
2025,2,2,"September"
2025,4,4,"September"
2025,1,1,"September"
2025,1,1,"September"
2025,2,2,"September"
2025,5,5,"September"
2025,5,4,"September"
2025,1,1,"September"
2025,1,1,"September"
2025,2,2,"September"
